swimmer_id,scrape_date,event,course,time,time_seconds,date,meet,round,tags,url,row_uid
2574598,2026-02-04,25 Free SCY,SCY,23.35,23.35,2018-12-01,CVSL Quad meet,,,https://www.swimcloud.com/swimmer/2574598/times/,526e5d312aa3d045473c125f39b9558c2e1e14eb2e7eb35e47415bb066a23cc1
2574598,2026-02-04,25 Free SCY,SCY,23.52,23.52,2018-11-17,CVSL Quad meet,,,https://www.swimcloud.com/swimmer/2574598/times/,fe6367a4965c663ea631def21e7f56888310d76c86c4b2a5676875d78c240a4e
2574598,2026-02-04,25 Free SCY,SCY,21.10,21.1,2018-11-03,First Splash,,,https://www.swimcloud.com/swimmer/2574598/times/,aea779cbbcc2756efaff9d08d00988ec60b483899caadf095acb17c8cc7a8a65
2574598,2026-02-04,50 Free SCY,SCY,24.81,24.81,2026-02-01,Delmar Dolfins February Freeze,,X,https://www.swimcloud.com/swimmer/2574598/times/,31adc14868152244a8682d0b6336a5a72743acbc3d787363df5c3a1fa3bd1f64
2574598,2026-02-04,50 Free SCY,SCY,24.28,24.28,2026-01-15,Cooperstown vs. Oneida,,,https://www.swimcloud.com/swimmer/2574598/times/,9c3fbf6b816781ffec4b6dd60ee1fa631c5973fae4eabc1e622b0fb167076dff
2574598,2026-02-04,50 Free SCY,SCY,24.56,24.56,2026-01-08,Cooperstown vs. Thomas Proctor,,,https://www.swimcloud.com/swimmer/2574598/times/,9b51ad7b4fd676d2fce46b655315d2b877c22a1a948ce318dc4b54d341f92ec0
2574598,2026-02-04,50 Free SCY,SCY,25.21,25.21,2025-12-18,New Hartford vs. Cooperstown,,,https://www.swimcloud.com/swimmer/2574598/times/,b7c1f28835fe31a6399cc46757b639762ecda69e75e2594f7d68d5c6ffadc697
2574598,2026-02-04,50 Free SCY,SCY,26.21,26.21,2025-12-09,Canjo-Ft Plain vs. Cooperstown,,R,https://www.swimcloud.com/swimmer/2574598/times/,99fe937f896194b88d6c222ab77ea502c86a8ed91d38713658f94f2e67be0962
2574598,2026-02-04,50 Free SCY,SCY,24.78,24.78,2025-12-04,Cooperstown vs. SherburneEarlvle,,,https://www.swimcloud.com/swimmer/2574598/times/,774a54c07244a9ece902336166a6b825ff34a0dab50f39f9532c367a582dc12c
2574598,2026-02-04,50 Free SCY,SCY,25.54,25.54,2025-11-22,CVSL Dual Meet,,,https://www.swimcloud.com/swimmer/2574598/times/,feef7ca1d52c968ceec288f9e60f23ef8ee6614891881cc27852262bf46065d8
2574598,2026-02-04,50 Free SCY,SCY,27.00,27.0,2025-11-01,Fin-Tastic Fall Meet,,X,https://www.swimcloud.com/swimmer/2574598/times/,fdfa38ef6c37dce76c0747a9ce0f6070251c7d5f485fc01701eb8038f677c0f0
2574598,2026-02-04,50 Free SCY,SCY,25.54,25.54,2025-11-01,Fin-Tastic Fall Meet,,,https://www.swimcloud.com/swimmer/2574598/times/,8bc5b07559d8a06514349d2988a7fb2ee75955f6b508f2770025c7785ba65410
2574598,2026-02-04,50 Free SCY,SCY,24.80,24.8,2025-03-16,Adirondack Gold Short Course Championship,,,https://www.swimcloud.com/swimmer/2574598/times/,9ca3150fadc9b0c87c079b7fb47e231dc54af9de747d96e81667d3996297a9df
2574598,2026-02-04,50 Free SCY,SCY,24.89,24.89,2025-02-22,CVSL Championships,,,https://www.swimcloud.com/swimmer/2574598/times/,1fea25152571c1adcb9dee08a53467a52f30d7e98526de4ec98eb00cffdb0e75
2574598,2026-02-04,50 Free SCY,SCY,25.35,25.35,2025-02-01,TVL Boys Championships,,R,https://www.swimcloud.com/swimmer/2574598/times/,56adacd79eaaf95741cedc468661a0a0b371fd0f951786076f7ed7175054000e
2574598,2026-02-04,50 Free SCY,SCY,25.74,25.74,2025-01-23,Rome Free vs. Cooperstown vs. Thomas Proctor vs. Syracuse City,,,https://www.swimcloud.com/swimmer/2574598/times/,f5a986f51e19db7584cca501219fd9a638360f1083a62a5f1d826164d3858a00
2574598,2026-02-04,50 Free SCY,SCY,25.51,25.51,2025-01-14,Sherburne Earlville vs. Cooperstown,,,https://www.swimcloud.com/swimmer/2574598/times/,38291bdbc77ffeee6db1a10c7d8d1d85e6cd1da0d4533e958a5ed1976f0387e7
2574598,2026-02-04,50 Free SCY,SCY,25.83,25.83,2025-01-04,AD ALBS Starfish Trophy Invitational,,,https://www.swimcloud.com/swimmer/2574598/times/,04ebdc1ba9e66980b1cccfb0278ff7ff1a5b8e02f187c4724b3cc31eb3bac9d6
2574598,2026-02-04,50 Free SCY,SCY,27.12,27.12,2024-12-10,Thomas Proctor vs. Holland Patent vs. Cooperstown,,X,https://www.swimcloud.com/swimmer/2574598/times/,6ce77f55981a703610e748c416becea6d936cdfc3d073858b3de389c8d04d484
2574598,2026-02-04,50 Free SCY,SCY,26.82,26.82,2024-03-10,Adirondack Gold Short Course Championship,,,https://www.swimcloud.com/swimmer/2574598/times/,b3d81a0c42634e647e2718b3f2573169b311e9b8a114b31b5ef4ae3ed3f7de71
2574598,2026-02-04,50 Free SCY,SCY,27.64,27.64,2024-02-04,AD DELM February Freeze,,,https://www.swimcloud.com/swimmer/2574598/times/,251844d72b155c9a9fce65280e55f7e92fa9784ea219f43b7bd390f756f3ae2a
2574598,2026-02-04,50 Free SCY,SCY,28.56,28.56,2024-01-19,Sherburne Earlville vs. Cooperstown,,R,https://www.swimcloud.com/swimmer/2574598/times/,3b6bcc844f353d6fe99d7a56b2c4ae3a7e4573cd12f762d019c67b62ab540921
2574598,2026-02-04,50 Free SCY,SCY,28.61,28.61,2024-01-18,Cooperstown vs. Holland Patent Central,,,https://www.swimcloud.com/swimmer/2574598/times/,fd088e171ec42c24bcc40f77415f75b64e551ffd69077dbcf54992ed293f7d4b
2574598,2026-02-04,50 Free SCY,SCY,29.13,29.13,2024-01-11,Rome Free vs. Cooperstown vs. Oneida,,,https://www.swimcloud.com/swimmer/2574598/times/,a97cee6e998137a6c28ca66e6acf8b95955a00ef0cc0ab0acede81b14b0ea05e
2574598,2026-02-04,50 Free SCY,SCY,31.45,31.45,2023-12-21,Cooperstown vs. New Hartford vs. Thomas Proctor,,"X,R",https://www.swimcloud.com/swimmer/2574598/times/,f7dbfba7935ec4df621d7005040c58db4220361db83782df4041c5864fa663b2
2574598,2026-02-04,50 Free SCY,SCY,28.45,28.45,2023-12-21,Cooperstown vs. New Hartford vs. Thomas Proctor,,,https://www.swimcloud.com/swimmer/2574598/times/,166be04088392b2dbb58931ba8ddd3e071261e395b1526f82f00b07ecd4cf446
2574598,2026-02-04,50 Free SCY,SCY,29.02,29.02,2023-12-16,2023 AD CVSL Tri Meet,,,https://www.swimcloud.com/swimmer/2574598/times/,5348753842b34ae90c919fd9993787a53276fb8e6607abca0cb4d6e63e71ee0d
2574598,2026-02-04,50 Free SCY,SCY,31.11,31.11,2023-11-18,CVSL Tri Meet,,X,https://www.swimcloud.com/swimmer/2574598/times/,572b7ef0b16b70f94dffffb51c2eda447f7ac8c37dcf71262025eb68c8b00611
2574598,2026-02-04,50 Free SCY,SCY,29.94,29.94,2023-11-18,CVSL Tri Meet,,,https://www.swimcloud.com/swimmer/2574598/times/,209781f93c233292f7daa69acd55f6494fa83995dcd824d1d15612c9a1f27493
2574598,2026-02-04,50 Free SCY,SCY,30.98,30.98,2023-03-10,Adirondack Gold Championship,,,https://www.swimcloud.com/swimmer/2574598/times/,d66ea84315c1a265f98f9aa79bbac7eca48e4e0edf9a48045427e04af9f83f29
2574598,2026-02-04,50 Free SCY,SCY,30.95,30.95,2023-03-04,AD Silver Short Course Champio,,,https://www.swimcloud.com/swimmer/2574598/times/,02b5713e5fcf0e778f38a089c3455800aca1e99786d846118f97891c43005ae2
2574598,2026-02-04,50 Free SCY,SCY,30.95,30.95,2023-03-04,AD SCHE Silvers,,,https://www.swimcloud.com/swimmer/2574598/times/,c3a87c7ec60308c12eb4257824cd4ad42d0e8970c17ab0d2c805d9665ff06642
2574598,2026-02-04,50 Free SCY,SCY,32.92,32.92,2023-02-04,2023 AD Delmar Dolfins February Freeze,,,https://www.swimcloud.com/swimmer/2574598/times/,04120ea68f1ef32cbf95592d5d819be1e737ed43e2dc5528c06245362bbc8ddd
2574598,2026-02-04,50 Free SCY,SCY,32.80,32.8,2023-01-14,Canajoharie Developmental Meet,,,https://www.swimcloud.com/swimmer/2574598/times/,6c2b424761ac6672e09c79ba2c9de9739d5d577cdafab0cc5f76ff1e1326372f
2574598,2026-02-04,50 Free SCY,SCY,31.77,31.77,2023-01-08,2023 AD Starfish Trophy Invitational,,,https://www.swimcloud.com/swimmer/2574598/times/,c2734d8b430233506d938cd4a0bae73cab3c91742a312d907bcdf7881e6822a8
2574598,2026-02-04,50 Free SCY,SCY,32.17,32.17,2023-01-08,2023 AD Starfish Trophy Invitational,,,https://www.swimcloud.com/swimmer/2574598/times/,fb0e6d96218dc2dcb3d0a79e464ae24f0f05c4b3b37dcdc8902592e37bc4b09a
2574598,2026-02-04,50 Free SCY,SCY,33.04,33.04,2023-01-07,2023 AD Starfish Trophy Invitational,,X,https://www.swimcloud.com/swimmer/2574598/times/,a94a364df8ce92c795bb1172373d77802d3123ee6bd98770540c143f9da2901d
2574598,2026-02-04,50 Free SCY,SCY,31.77,31.77,2023-01-08,Starfish Trophy Invitational,,,https://www.swimcloud.com/swimmer/2574598/times/,de4b042d2edf85188c513431cfb3a8b933e46991abf0ae351412f49e304984d7
2574598,2026-02-04,50 Free SCY,SCY,32.17,32.17,2023-01-08,Starfish Trophy Invitational,,,https://www.swimcloud.com/swimmer/2574598/times/,d66f6ef0bb2ac413e898336f41db52b0ceff5d0dad39e8b2f133d4d542392702
2574598,2026-02-04,50 Free SCY,SCY,33.04,33.04,2023-01-07,Starfish Trophy Invitational,,X,https://www.swimcloud.com/swimmer/2574598/times/,ecc5a7383533ea4ee65522c93343fd79e4ca3bbf02cc08655acad3ace0bf6e3d
2574598,2026-02-04,50 Free SCY,SCY,33.53,33.53,2022-11-19,2022 AD November CVSL Tri Meet,,,https://www.swimcloud.com/swimmer/2574598/times/,02e1b1173113f9f8110b64f4574e31866c9beb843a545e8bbe3dfebf6d0fcc27
2574598,2026-02-04,50 Free SCY,SCY,35.23,35.23,2022-11-05,First Splash,,R,https://www.swimcloud.com/swimmer/2574598/times/,831b82bf313d9ed5441c67609e68b448f46afbdae208cfd4bc64441c745286d8
2574598,2026-02-04,50 Free SCY,SCY,33.66,33.66,2022-11-05,First Splash,,,https://www.swimcloud.com/swimmer/2574598/times/,a4228172e3d4938b47d140d287ebebd98b5991a910094805c1d2ed3172beddbc
2574598,2026-02-04,50 Free SCY,SCY,36.83,36.83,2020-03-01,SHEN Silver SC Ch,,,https://www.swimcloud.com/swimmer/2574598/times/,ca1fdea5e75501604c45ae7cfd9484dfc1f352e34f82421ade0af34aeee9b5a9
2574598,2026-02-04,50 Free SCY,SCY,37.88,37.88,2020-02-22,Central Valley Swim League Cha,,,https://www.swimcloud.com/swimmer/2574598/times/,166834db021eb0e8f8bceb6d5a87b78ee5cf3c07bd8deca40408f85d16d3e6dd
2574598,2026-02-04,50 Free SCY,SCY,36.75,36.75,2020-02-01,AD Delmar Dolfins February Freeze,,,https://www.swimcloud.com/swimmer/2574598/times/,500bb3c2369c598b376ecdf1c4cc777be379d3cb3493e77483b9ce906df28003
2574598,2026-02-04,50 Free SCY,SCY,36.55,36.55,2020-01-11,AD Canajoharie Developmental Meet,,,https://www.swimcloud.com/swimmer/2574598/times/,af977c7d32f2ae5e53224b399352ee0bbb9bb46303040db2fc18cbdd288a0792
2574598,2026-02-04,50 Free SCY,SCY,37.71,37.71,2019-12-07,CVSL Tri Meet,,,https://www.swimcloud.com/swimmer/2574598/times/,bb6180fc8fbb84822edf1b070cfa501dc282975a0f2250a0631c240ec03c7e4a
2574598,2026-02-04,50 Free SCY,SCY,40.92,40.92,2019-11-16,CVSL Quad Meet,,,https://www.swimcloud.com/swimmer/2574598/times/,77dad093f5e62482605f9e29421b0f3ed02dca9e82bf9792cb040c599b83c0c6
2574598,2026-02-04,50 Free SCY,SCY,39.62,39.62,2019-11-02,First Splash,,,https://www.swimcloud.com/swimmer/2574598/times/,2a5cc402f13a349a03f2e376b76d21cb1adc7c850c82ffd9ee9f7050dbcbb9c5
2574598,2026-02-04,50 Free SCY,SCY,49.96,49.96,2019-01-12,AD Canajoharie Developmental Meet,,X,https://www.swimcloud.com/swimmer/2574598/times/,6f3d733167ddb3e78197ee4360b42e427707b44f388b20c5849941c324677b5c
2574598,2026-02-04,50 Free SCY,SCY,45.33,45.33,2019-01-12,AD Canajoharie Developmental Meet,,,https://www.swimcloud.com/swimmer/2574598/times/,e2d56acffa2e7b674a5da6b3a1e08786fa60bd278543691c6e6a4a21513b8e4b
2574598,2026-02-04,50 Free SCY,SCY,47.40,47.4,2018-12-01,CVSL Quad meet,,,https://www.swimcloud.com/swimmer/2574598/times/,ac43bc9e364415879350a1255f328f5732e6e69472aab82852bb9605e1a7c4c1
2574598,2026-02-04,50 Free SCY,SCY,48.71,48.71,2018-11-17,CVSL Quad meet,,,https://www.swimcloud.com/swimmer/2574598/times/,807db454da4c053fbbe5e208b24f33416feb5fd6c83c9a93b3c5bcaa50bff700
2574598,2026-02-04,50 Free SCY,SCY,50.09,50.09,2018-11-03,First Splash,,,https://www.swimcloud.com/swimmer/2574598/times/,fbbb13234b60e485b57610d62c6cb0e5ac8f10d4d6e368e550067486e3b656ea
2574598,2026-02-04,50 Free LCM,LCM,51.36,51.36,2019-06-09,NI CUDA Clinton Cudas Colgate Classic,,,https://www.swimcloud.com/swimmer/2574598/times/,96586ce147573e2cdc895eeceeedbc3ca9e006a712a815a9dfbbd8d9383c469e
2574598,2026-02-04,100 Free SCY,SCY,53.40,53.4,2026-02-01,Delmar Dolfins February Freeze,,,https://www.swimcloud.com/swimmer/2574598/times/,28862f71f9df53d24cf2585923cba8fde0aa2caeb2e6e7c5735c7d9397156fd5
2574598,2026-02-04,100 Free SCY,SCY,53.47,53.47,2026-01-31,TVL Boys Championships,,,https://www.swimcloud.com/swimmer/2574598/times/,e1436cf4f1cef5985cbaba0e58c2ea7179709a9f0ea81dc2815467540e0c619a
2574598,2026-02-04,100 Free SCY,SCY,54.19,54.19,2026-01-20,Rome Free Academy v Cooperstown,,,https://www.swimcloud.com/swimmer/2574598/times/,7ff65729be787cbe8546d404a225c2f6d6f61488d0f44df6aabbbfe32dbcbcbb
2574598,2026-02-04,100 Free SCY,SCY,55.12,55.12,2026-01-15,Cooperstown vs. Oneida,,,https://www.swimcloud.com/swimmer/2574598/times/,15dfc1276d784b5406ef3ed109c60caba735463d36730f54480d705e09c34525
2574598,2026-02-04,100 Free SCY,SCY,55.28,55.28,2026-01-08,Cooperstown vs. Thomas Proctor,,,https://www.swimcloud.com/swimmer/2574598/times/,255aa6028fbe67d994b9cc3c3019b98947fa756afc71e43d0993305658d8fd7f
2574598,2026-02-04,100 Free SCY,SCY,1:00.16,60.16,2025-12-09,Canjo-Ft Plain vs. Cooperstown,,R,https://www.swimcloud.com/swimmer/2574598/times/,42babc7aff2cc27c1bbf10ed94b4018c4784435a1190c7f89619a453ac7be600
2574598,2026-02-04,100 Free SCY,SCY,56.22,56.22,2025-11-22,CVSL Dual Meet,,,https://www.swimcloud.com/swimmer/2574598/times/,afc2e0b319ab85ef1fe587921ebff2750d42a3a1c859d6dc74361a36522cd425
2574598,2026-02-04,100 Free SCY,SCY,57.43,57.43,2025-11-01,Fin-Tastic Fall Meet,,,https://www.swimcloud.com/swimmer/2574598/times/,d7194f89a520fc333f4c3d474ef8fcd85b705f6c2b3ae4242bad770f92bf609c
2574598,2026-02-04,100 Free SCY,SCY,54.74,54.74,2025-03-15,Adirondack Gold Short Course Championship,,,https://www.swimcloud.com/swimmer/2574598/times/,8a0cf60600c8bc796f63120dab9a2881b8b823932fd1ab5aea688b01537ca73c
2574598,2026-02-04,100 Free SCY,SCY,55.66,55.66,2025-03-15,Adirondack Gold Short Course Championship,,,https://www.swimcloud.com/swimmer/2574598/times/,571de16c2909426c47f7a0339650b6f14ba30d02e12452a9a60ac0069ed77c2c
2574598,2026-02-04,100 Free SCY,SCY,55.24,55.24,2025-02-22,CVSL Championships,,,https://www.swimcloud.com/swimmer/2574598/times/,afab7a34605c8832d40de50526e53de3aff5e970f6887696bb67432ebfc8554e
2574598,2026-02-04,100 Free SCY,SCY,1:01.56,61.56,2025-01-24,Oneida vs. Coop/NH,,R,https://www.swimcloud.com/swimmer/2574598/times/,72deebd9ac985686563d1781d77afcbb68a020ef75deef10f74d15e5cea173cd
2574598,2026-02-04,100 Free SCY,SCY,57.42,57.42,2025-01-24,Oneida vs. Coop/NH,,,https://www.swimcloud.com/swimmer/2574598/times/,e0bb3fa70bf76e842cab4bea34493507314356885c7207ede917f3b2ae82096f
2574598,2026-02-04,100 Free SCY,SCY,1:01.45,61.45,2025-01-23,Rome Free vs. Cooperstown vs. Thomas Proctor vs. Syracuse City,,R,https://www.swimcloud.com/swimmer/2574598/times/,3955a0290920b2050f09f3ce9e05e41633098a2e6aa2d1a8d38be8e5de89d783
2574598,2026-02-04,100 Free SCY,SCY,1:02.12,62.12,2025-01-16,Cooperstown vs. Rome Free,,R,https://www.swimcloud.com/swimmer/2574598/times/,9be8d66948a304cc16584853786cc023dcf43f0b4210cb323e7cd98d2d941177
2574598,2026-02-04,100 Free SCY,SCY,58.26,58.26,2024-12-19,New Hartford vs. Rome Free,,,https://www.swimcloud.com/swimmer/2574598/times/,cfc91ea53a30a71f1c0371640e37414673971262f0ae869f9c25b27bfebc6f49
2574598,2026-02-04,100 Free SCY,SCY,58.58,58.58,2024-12-12,Cooperstown vs. SherburneEarlvle,,,https://www.swimcloud.com/swimmer/2574598/times/,d903572e8c889fa02e1c81c841fe80e577afb3a2ac8caa8574608c2c1bd63514
2574598,2026-02-04,100 Free SCY,SCY,58.81,58.81,2024-12-10,Thomas Proctor vs. Holland Patent vs. Cooperstown,,,https://www.swimcloud.com/swimmer/2574598/times/,96d34d62d288084a5e45312a8b5a0b7f52a4d42703393395bb12822e7d4e163e
2574598,2026-02-04,100 Free SCY,SCY,1:03.38,63.38,2024-01-11,Rome Free vs. Cooperstown vs. Oneida,,R,https://www.swimcloud.com/swimmer/2574598/times/,efaf670c3be8beff869b5e2506f3e8e8bd162927861344a59dca91ec97cbd54e
2574598,2026-02-04,100 Free SCY,SCY,1:08.16,68.16,2024-01-04,Cooperstown vs. Sherburne Earlville,,R,https://www.swimcloud.com/swimmer/2574598/times/,bb1333ee871b063740892c32aade86cf379e38373b2a910a4b33a50b97e92f2e
2574598,2026-02-04,100 Free SCY,SCY,1:02.68,62.68,2024-01-04,Cooperstown vs. Sherburne Earlville,,,https://www.swimcloud.com/swimmer/2574598/times/,64514409efcce08c4e00167e024e39173dcc81827010caba68262d5d4cadd704
2574598,2026-02-04,100 Free SCY,SCY,1:05.89,65.89,2023-12-21,Cooperstown vs. New Hartford vs. Thomas Proctor,,R,https://www.swimcloud.com/swimmer/2574598/times/,cd34b3350bbcff63f8f90bb5a3b1eb19f4744b2571f79fa6b85cf69a02a5f0ad
2574598,2026-02-04,100 Free SCY,SCY,1:07.58,67.58,2023-11-18,CVSL Tri Meet,,,https://www.swimcloud.com/swimmer/2574598/times/,f45e55dc5f52bbb4f41b27413837f8885c41e232a3c73b4d9910a1f4c5eaf97d
2574598,2026-02-04,100 Free SCY,SCY,1:12.74,72.74,2023-01-07,2023 AD Starfish Trophy Invitational,,,https://www.swimcloud.com/swimmer/2574598/times/,87d7f1510c6cad7ea6c03807144c1dcc8a0461fd81dd7447181df8eb92842d8b
2574598,2026-02-04,100 Free SCY,SCY,1:12.74,72.74,2023-01-07,Starfish Trophy Invitational,,,https://www.swimcloud.com/swimmer/2574598/times/,dd921f5498634c8e201e1cf9c45672816832bd3687ef32fc385649d03c03f1d6
2574598,2026-02-04,100 Free SCY,SCY,1:31.65,91.65,2020-02-22,Central Valley Swim League Cha,,,https://www.swimcloud.com/swimmer/2574598/times/,734cb8f9bafbb9d6f2bcd348d0f02c73a3e3ec99aaac1f936d0b8f0ca672e5e1
2574598,2026-02-04,100 Free SCY,SCY,1:26.95,86.95,2020-02-01,AD Delmar Dolfins February Freeze,,,https://www.swimcloud.com/swimmer/2574598/times/,c7fde7d6824fc5492764fb84ae85fa1dbc92c5bf8a94cdf0084c0cc95421ab34
2574598,2026-02-04,100 Free SCY,SCY,1:27.40,87.4,2020-01-11,AD Canajoharie Developmental Meet,,,https://www.swimcloud.com/swimmer/2574598/times/,0560f4a34c99d0bf65bc419ad1c963cfa23b3cc0982b43aa3d52ff264ced8b78
2574598,2026-02-04,100 Free SCY,SCY,1:28.95,88.95,2019-12-14,CVSL Tri Meet,,,https://www.swimcloud.com/swimmer/2574598/times/,bfdf7f7ff9d4f3a79ee4e2f56c352355c90400ef2261e19bad10c0f13d920db5
2574598,2026-02-04,100 Free SCY,SCY,1:44.60,104.6,2019-02-23,Championships,,,https://www.swimcloud.com/swimmer/2574598/times/,b5b7d31fa9e2b59f6cf67006dc23e0169f01736fd5d80e783fff146d795f2e8c
2574598,2026-02-04,100 Free SCY,SCY,1:46.67,106.67,2019-01-12,AD Canajoharie Developmental Meet,,,https://www.swimcloud.com/swimmer/2574598/times/,af8fbd6b45736af331c33b3789df0d6b45633ac993c4ec9a38dd9199e0ad42ab
2574598,2026-02-04,100 Free LCM,LCM,1:53.72,113.72,2019-06-08,NI CUDA Clinton Cudas Colgate Classic,,,https://www.swimcloud.com/swimmer/2574598/times/,368870d50a7f7c1c991ad9b1e83bebce32db3ec2ad40292452b4513d64daedb0
2574598,2026-02-04,200 Free SCY,SCY,2:05.08,125.08,2026-02-01,Delmar Dolfins February Freeze,,,https://www.swimcloud.com/swimmer/2574598/times/,3b5507fda6787b4f975626f31b2b677b8badcfb1cc3b68d8a01c4e6711d203df
2574598,2026-02-04,200 Free SCY,SCY,2:08.70,128.7,2026-01-24,Mile Madness,,,https://www.swimcloud.com/swimmer/2574598/times/,e7293d7c613016c7e02f5b53b4d2af4042c7ea5c3eedbff28a945b9e3bd276e0
2574598,2026-02-04,200 Free SCY,SCY,2:08.27,128.27,2025-02-09,NYPHSAA Section 3 Boys Class B/C Championship,,,https://www.swimcloud.com/swimmer/2574598/times/,97cad08e00f4520fce681415dacf4aed7313ba07fc77424b28a095f6d198cc73
2574598,2026-02-04,200 Free SCY,SCY,2:08.01,128.01,2025-02-01,TVL Boys Championships,,,https://www.swimcloud.com/swimmer/2574598/times/,4d75d89d2a24877f9eff6f46472c7244e0af51d5fc4151a73d4aca4a1a85ee16
2574598,2026-02-04,200 Free SCY,SCY,2:09.43,129.43,2025-01-09,Cooperstown vs. New Hartford,,,https://www.swimcloud.com/swimmer/2574598/times/,81f034c58cd341809a3c76943f567ec9d9346779043aa249aac42af58ff0389e
2574598,2026-02-04,200 Free SCY,SCY,2:12.20,132.2,2025-01-04,AD ALBS Starfish Trophy Invitational,,,https://www.swimcloud.com/swimmer/2574598/times/,5c823675b4f5f8a368d29cf3811d7b968c2c26be813147c2445eafd3fd7c2146
2574598,2026-02-04,200 Free SCY,SCY,2:13.44,133.44,2024-02-11,NYSPHSAA Section 3 Boys Class B/C Championship,,,https://www.swimcloud.com/swimmer/2574598/times/,040b7baa3e3747d967d6e6a4ca8ebf3b5634921c62966b097fa31b9348172659
2574598,2026-02-04,200 Free SCY,SCY,2:12.38,132.38,2024-01-27,TVL Championship,,,https://www.swimcloud.com/swimmer/2574598/times/,25fb998f58971ef40af74b914e31a98443c24fa582360ffea5c3184a5213ce0e
2574598,2026-02-04,200 Free SCY,SCY,2:15.95,135.95,2024-01-18,Cooperstown vs. Holland Patent Central,,,https://www.swimcloud.com/swimmer/2574598/times/,fb84fdf138479a4ca07a467cb168c302d78dc3ce53566a42de89979c93547930
2574598,2026-02-04,200 Free SCY,SCY,2:18.78,138.78,2024-01-11,Rome Free vs. Cooperstown vs. Oneida,,,https://www.swimcloud.com/swimmer/2574598/times/,4134daea54ca74de6dc28c62970ac8d8a18b2873e7be01ac71aa61cc427eb91e
2574598,2026-02-04,200 Free SCY,SCY,2:24.06,144.06,2024-01-06,AD ALBS Starfish Trophy Invitational,,,https://www.swimcloud.com/swimmer/2574598/times/,a0be53882a4ac81325224f59be095778a6f4e43234ee9af279c45468f0771c34
2574598,2026-02-04,200 Free SCY,SCY,2:24.36,144.36,2023-12-14,Rome Free vs. New Hartford vs. Cooperstown,,,https://www.swimcloud.com/swimmer/2574598/times/,e142861ba3c810caaaa1c29059d9827139a5fbeaf4cba59a31815d9fbb647837
2574598,2026-02-04,200 Free SCY,SCY,2:28.26,148.26,2023-12-07,Holland Patent Central vs. Cooperstown vs. Sherburne Earlville,,,https://www.swimcloud.com/swimmer/2574598/times/,9f8bafa1e75768afedee9aae7da5880759e93e9c360993732355de5cbf84ab3e
2574598,2026-02-04,200 Free SCY,SCY,2:33.22,153.22,2023-12-05,Thomas Proctor vs. Cooperstown,,,https://www.swimcloud.com/swimmer/2574598/times/,97b479084362444e6ffb9c7584d3a1fd987ac9a505f7cf78d54fbd47ffcf9048
2574598,2026-02-04,200 Free SCY,SCY,2:37.05,157.05,2023-11-30,Cooperstown vs. Rome Free,,,https://www.swimcloud.com/swimmer/2574598/times/,523e79d707495470d450a15edb35bf30a9b617adef05128eb13c7c47c03d0ff1
2574598,2026-02-04,200 Free SCY,SCY,3:26.54,206.54,2020-02-22,Central Valley Swim League Cha,,,https://www.swimcloud.com/swimmer/2574598/times/,6c064c4d81eb7001e2b99f79d67e3029c65c3c39d632632dc0c406a5e34f9c98
2574598,2026-02-04,500 Free SCY,SCY,6:14.41,374.41,2026-01-24,Mile Madness,,,https://www.swimcloud.com/swimmer/2574598/times/,160f48362e7cf9d14f2393a64499d2e3f4b33c72de7347a9ce794b07a224a796
2574598,2026-02-04,500 Free SCY,SCY,6:14.93,374.93,2026-01-22,Holland Patent vs. Cooperstown,,,https://www.swimcloud.com/swimmer/2574598/times/,64332838802b06b72537f795708a41047dc7e7a4ed9c47173f4487c00c4334d2
2574598,2026-02-04,500 Free SCY,SCY,6:03.04,363.04,2025-01-16,Cooperstown vs. Rome Free,,,https://www.swimcloud.com/swimmer/2574598/times/,16f125acc3bd0367c1f7b60281c76a65ee9ae3f59ae491422e141b0f1c43e0a8
2574598,2026-02-04,500 Free SCY,SCY,6:16.70,376.7,2025-01-07,Holland Patent vs. New Hartford vs. Cooperstown,,,https://www.swimcloud.com/swimmer/2574598/times/,2fe0b93739c53fac6f6a90d5cc913754b878477545b713e1a4a7fe1a16ff0606
2574598,2026-02-04,25 Back SCY,SCY,22.42,22.42,2018-12-01,CVSL Quad meet,,,https://www.swimcloud.com/swimmer/2574598/times/,0efc3878dc2f8202a548e49500584bc27aab192b8398135a49d3a1743e06d9fb
2574598,2026-02-04,25 Back SCY,SCY,24.33,24.33,2018-11-03,First Splash,,,https://www.swimcloud.com/swimmer/2574598/times/,48ffcc98719d668a83e68441f05ecfe9f3662d823ce3bf60fa0ed055e30e74e3
2574598,2026-02-04,50 Back SCY,SCY,27.64,27.64,2026-01-31,TVL Boys Championships,,R,https://www.swimcloud.com/swimmer/2574598/times/,3c282ed84b57ac122859decf923c3969e2d8d4141465b1582936ac8d738d4150
2574598,2026-02-04,50 Back SCY,SCY,28.27,28.27,2026-01-31,TVL Boys Championships,,X,https://www.swimcloud.com/swimmer/2574598/times/,47e34b838e9f330b9866b4754f015a112555444942686211391c9f506fa7e54c
2574598,2026-02-04,50 Back SCY,SCY,28.65,28.65,2026-01-22,Holland Patent vs. Cooperstown,,R,https://www.swimcloud.com/swimmer/2574598/times/,f36726dd3b953d3d1622d0482b5160be35f7c37a61bc2e357b9d7a265fd649bc
2574598,2026-02-04,50 Back SCY,SCY,29.24,29.24,2026-01-20,Rome Free Academy v Cooperstown,,R,https://www.swimcloud.com/swimmer/2574598/times/,f4b78d18b501321ec5a1c2f4825f23d45fe040271f45011b655361ecc8f1052f
2574598,2026-02-04,50 Back SCY,SCY,28.74,28.74,2025-12-18,New Hartford vs. Cooperstown,,R,https://www.swimcloud.com/swimmer/2574598/times/,86bafd8f8b3db4ee7e5d836d9ee8868c85768275dec5b1e908c5c858c347f995
2574598,2026-02-04,50 Back SCY,SCY,28.72,28.72,2025-12-16,Oneonta vs. Cooperstown,,R,https://www.swimcloud.com/swimmer/2574598/times/,5deb873084e31fe58217324b7bab5770a991843efcfc24f149a82331adc4e322
2574598,2026-02-04,50 Back SCY,SCY,29.39,29.39,2025-12-16,Oneonta vs. Cooperstown,,X,https://www.swimcloud.com/swimmer/2574598/times/,a68eb7f5e8809a9915d9a22d3f0565f7d948b73767428e616832c151b9dfd0c0
2574598,2026-02-04,50 Back SCY,SCY,30.91,30.91,2025-12-09,Canjo-Ft Plain vs. Cooperstown,,X,https://www.swimcloud.com/swimmer/2574598/times/,ccc08a9b1735272d15147e8c15ac0935735fc29075c0e501df9071c73d1fafe7
2574598,2026-02-04,50 Back SCY,SCY,29.24,29.24,2025-03-15,Adirondack Gold Short Course Championship,,X,https://www.swimcloud.com/swimmer/2574598/times/,7dde93c2f98d9c6a3c2156534cd7b0429248355f4e98d52d8f95e4f29ee42cef
2574598,2026-02-04,50 Back SCY,SCY,28.99,28.99,2025-03-15,Adirondack Gold Short Course Championship,,X,https://www.swimcloud.com/swimmer/2574598/times/,2694cf11c56b1fa5bde9ffb6fc18db77a15c11f761da75dbdd5e7f88f75384ca
2574598,2026-02-04,50 Back SCY,SCY,30.35,30.35,2025-02-22,CVSL Championships,,X,https://www.swimcloud.com/swimmer/2574598/times/,d2d9a493f6f815beab58d28cea9286e79cde9f891b93fd0460118e82106270df
2574598,2026-02-04,50 Back SCY,SCY,28.95,28.95,2025-02-09,NYPHSAA Section 3 Boys Class B/C Championship,,R,https://www.swimcloud.com/swimmer/2574598/times/,d0b230bfc116db017b0a87375d9eb199efd4c03a467128c5172948c20ce39c40
2574598,2026-02-04,50 Back SCY,SCY,29.42,29.42,2025-01-24,Oneida vs. Coop/NH,,R,https://www.swimcloud.com/swimmer/2574598/times/,d8b2371d0bda6e6876fec4e18b27db51f6561aaf6ad8e45cc2a40d5d286e5ab7
2574598,2026-02-04,50 Back SCY,SCY,29.20,29.2,2025-01-23,Rome Free vs. Cooperstown vs. Thomas Proctor vs. Syracuse City,,R,https://www.swimcloud.com/swimmer/2574598/times/,b6cab2a53e95e6b6f1c9ee8831f8dfb661b7b9c9ecc0d9541e2303d22145d405
2574598,2026-02-04,50 Back SCY,SCY,29.73,29.73,2025-01-16,Cooperstown vs. Rome Free,,R,https://www.swimcloud.com/swimmer/2574598/times/,6fe3efa1a2418779fc953958c6ea9aaf3c2e322ee20b22395f5e9a34b4494859
2574598,2026-02-04,50 Back SCY,SCY,31.66,31.66,2025-01-04,AD ALBS Starfish Trophy Invitational,,X,https://www.swimcloud.com/swimmer/2574598/times/,92601799ed6f7e4f6a413c041bdb661b5410ae30e9143f1f5822a3bfacdee20f
2574598,2026-02-04,50 Back SCY,SCY,31.04,31.04,2024-12-19,New Hartford vs. Rome Free,,R,https://www.swimcloud.com/swimmer/2574598/times/,418ebb58fe12861534cd931ad976eb5c10d2864068f2fc71e7792f57c2f3a939
2574598,2026-02-04,50 Back SCY,SCY,32.40,32.4,2024-12-10,Thomas Proctor vs. Holland Patent vs. Cooperstown,,X,https://www.swimcloud.com/swimmer/2574598/times/,04fa3723c536869ce82f1431d2bfb56449298349bf8249ffdb8160b5054ffcff
2574598,2026-02-04,50 Back SCY,SCY,32.31,32.31,2024-03-09,Adirondack Gold Short Course Championship,,X,https://www.swimcloud.com/swimmer/2574598/times/,07d562fd392e0d9b0c15b60924485375094c49dad79474d7cb06d91463cbb50f
2574598,2026-02-04,50 Back SCY,SCY,31.26,31.26,2024-02-11,NYSPHSAA Section 3 Boys Class B/C Championship,,R,https://www.swimcloud.com/swimmer/2574598/times/,44fcf7d9670c74ed8f47d33c1888f30572784df899fed710ed4c7393d4999853
2574598,2026-02-04,50 Back SCY,SCY,31.42,31.42,2024-01-27,TVL Championship,,R,https://www.swimcloud.com/swimmer/2574598/times/,88f65ee19eca90ad0c55029a4b5617c1c6a1d433d1458fac556a248d44372ab3
2574598,2026-02-04,50 Back SCY,SCY,31.58,31.58,2024-01-27,TVL Championship,,X,https://www.swimcloud.com/swimmer/2574598/times/,af212bc5271af4efaa6000db10a73ffd8a28d69fcfad18a5d34dd01e0d530f20
2574598,2026-02-04,50 Back SCY,SCY,32.36,32.36,2024-01-06,AD ALBS Starfish Trophy Invitational,,R,https://www.swimcloud.com/swimmer/2574598/times/,aa92c43782645eaa21355623a7645fc0f2a063dda9f6fd65f906628b375ec9ad
2574598,2026-02-04,50 Back SCY,SCY,33.69,33.69,2024-01-06,AD ALBS Starfish Trophy Invitational,,X,https://www.swimcloud.com/swimmer/2574598/times/,866aadadddb34a81a2ac038515618524278cdb7af52677cabac85cce0fab6239
2574598,2026-02-04,50 Back SCY,SCY,32.32,32.32,2024-01-04,Cooperstown vs. Sherburne Earlville,,R,https://www.swimcloud.com/swimmer/2574598/times/,2e3b86a6acbfdde42d2a31e69ff4d65a81e69f63e483508051e271e4f22fa9fa
2574598,2026-02-04,50 Back SCY,SCY,33.48,33.48,2023-12-07,Holland Patent Central vs. Cooperstown vs. Sherburne Earlville,,R,https://www.swimcloud.com/swimmer/2574598/times/,9bd04737c226fb07be3f2f6d0518d9c94ac5e5a95522eeab1d349689149f78a6
2574598,2026-02-04,50 Back SCY,SCY,33.01,33.01,2023-12-05,Thomas Proctor vs. Cooperstown,,R,https://www.swimcloud.com/swimmer/2574598/times/,24f975684419e54e5ae7641b35905593c8c40fc556bfc4e818bc77ecb51858bf
2574598,2026-02-04,50 Back SCY,SCY,33.62,33.62,2023-11-30,Cooperstown vs. Rome Free,,R,https://www.swimcloud.com/swimmer/2574598/times/,71fe32cc08e437a52bea3cb0aa90ebce911958c751a8c80e8d44ddd99f470db5
2574598,2026-02-04,50 Back SCY,SCY,34.56,34.56,2023-11-18,CVSL Tri Meet,,X,https://www.swimcloud.com/swimmer/2574598/times/,783359e46bbf2c03c6d1f89315da164ba84dffbcbf95bbe78781142dcf33093b
2574598,2026-02-04,50 Back SCY,SCY,34.36,34.36,2023-03-12,Adirondack Gold Championship,,,https://www.swimcloud.com/swimmer/2574598/times/,9af88c37f3a956f0ef5575a5e0695ce9dd09817f37564873f3b993af53f6ebc3
2574598,2026-02-04,50 Back SCY,SCY,37.02,37.02,2023-02-04,2023 AD Delmar Dolfins February Freeze,,,https://www.swimcloud.com/swimmer/2574598/times/,6b9dfd35425f455609533fd1acac463177b35982f05f8d67476e54c4e14e7edd
2574598,2026-02-04,50 Back SCY,SCY,37.52,37.52,2023-01-14,Canajoharie Developmental Meet,,,https://www.swimcloud.com/swimmer/2574598/times/,d4e9e0318f0dd7976931dd47867ae97c6a4e1309ee9dcc87d2b7496f0e69469c
2574598,2026-02-04,50 Back SCY,SCY,35.98,35.98,2023-01-07,2023 AD Starfish Trophy Invitational,,,https://www.swimcloud.com/swimmer/2574598/times/,1477602b6b771e5beae6585998d0956141df8568c9ad4d291cce40fc6e1fa4aa
2574598,2026-02-04,50 Back SCY,SCY,35.88,35.88,2023-01-07,2023 AD Starfish Trophy Invitational,,,https://www.swimcloud.com/swimmer/2574598/times/,7be3f657448868471fa6c956aa46266d5d39e3131915191a7b456a29e6b4676d
2574598,2026-02-04,50 Back SCY,SCY,35.98,35.98,2023-01-07,Starfish Trophy Invitational,,,https://www.swimcloud.com/swimmer/2574598/times/,ae35fb0fcfdab3c747bf3d02a9654864a934b9f22f974543040fa813d16ac286
2574598,2026-02-04,50 Back SCY,SCY,35.88,35.88,2023-01-07,Starfish Trophy Invitational,,,https://www.swimcloud.com/swimmer/2574598/times/,bf666f6b5d82961666c4ba020939a4b3f0dc05953ae8c3a8f69edbeeb62de846
2574598,2026-02-04,50 Back SCY,SCY,36.79,36.79,2022-11-19,2022 AD November CVSL Tri Meet,,,https://www.swimcloud.com/swimmer/2574598/times/,b888ce68d5b5afa6b33318c589977bfbbe3ebec4755087a558723ef09ad24a66
2574598,2026-02-04,50 Back SCY,SCY,35.95,35.95,2022-11-05,First Splash,,,https://www.swimcloud.com/swimmer/2574598/times/,a6105295e38ad81fccd207a52ada5dba06957c994d9221d4718edc9e1f1906f5
2574598,2026-02-04,50 Back SCY,SCY,41.30,41.3,2020-02-01,AD Delmar Dolfins February Freeze,,X,https://www.swimcloud.com/swimmer/2574598/times/,d04f6ba3a78da37180f2c3a3c6e25057d7e9e5b72a34e708567d974034a56c5e
2574598,2026-02-04,50 Back SCY,SCY,41.77,41.77,2020-01-11,AD Canajoharie Developmental Meet,,,https://www.swimcloud.com/swimmer/2574598/times/,50c8d7d0f979b96f2ead0a0b77cf7bf4c46051004b5811e265147091345e90c5
2574598,2026-02-04,50 Back SCY,SCY,45.66,45.66,2019-11-16,CVSL Quad Meet,,,https://www.swimcloud.com/swimmer/2574598/times/,cc28d6905be4b4dee90d2b551c2bf0ccbdae883c11dcddc2ecd72b8e74b0e324
2574598,2026-02-04,50 Back SCY,SCY,45.43,45.43,2019-11-02,First Splash,,,https://www.swimcloud.com/swimmer/2574598/times/,c911f94a90e4c419e5078de3d4f10b6f079dc7d0d4bf95b23c30edd636805fbb
2574598,2026-02-04,50 Back SCY,SCY,46.48,46.48,2019-02-23,Championships,,,https://www.swimcloud.com/swimmer/2574598/times/,32b1ac325823a71202811996ff29ebb24110d5382f7cd9afe11c972d79a8f79c
2574598,2026-02-04,50 Back SCY,SCY,50.48,50.48,2019-01-12,AD Canajoharie Developmental Meet,,,https://www.swimcloud.com/swimmer/2574598/times/,da3842f5220b203eded57a0ee73b72bdb790f19bc15f2e974d062e7d9bfa6a75
2574598,2026-02-04,50 Back SCY,SCY,54.65,54.65,2018-11-17,CVSL Quad meet,,,https://www.swimcloud.com/swimmer/2574598/times/,557932a2df519d54eb7f8e06fc7e3f63abec6e1bf447842b14b5e2bd60eb699e
2574598,2026-02-04,50 Back LCM,LCM,27.64,27.64,2026-01-31,TVL Boys Championships,,R,https://www.swimcloud.com/swimmer/2574598/times/,a8989e4ac0e40cf146a5d0674a18724b67eb3d9b091de39f86a765273fbc8b08
2574598,2026-02-04,50 Back LCM,LCM,28.27,28.27,2026-01-31,TVL Boys Championships,,X,https://www.swimcloud.com/swimmer/2574598/times/,8a8d2da59bbd38645035272e7fc977ab246358d693434071fb1248c36b81f630
2574598,2026-02-04,50 Back LCM,LCM,28.65,28.65,2026-01-22,Holland Patent vs. Cooperstown,,R,https://www.swimcloud.com/swimmer/2574598/times/,accc20d5a75a21257ad677c5f3fb7e3bdd3f68f8193150374b7d333035c8bef2
2574598,2026-02-04,50 Back LCM,LCM,29.24,29.24,2026-01-20,Rome Free Academy v Cooperstown,,R,https://www.swimcloud.com/swimmer/2574598/times/,0ca19665bad4b865d97c0e44103b50b70ad406910f8d9851fcbc05b4af0efc53
2574598,2026-02-04,50 Back LCM,LCM,28.74,28.74,2025-12-18,New Hartford vs. Cooperstown,,R,https://www.swimcloud.com/swimmer/2574598/times/,0a7bdd7a2617c717abc8e8cde7f18423c39fca8b6ca10ca93148f70f9d0ef5c8
2574598,2026-02-04,50 Back LCM,LCM,28.72,28.72,2025-12-16,Oneonta vs. Cooperstown,,R,https://www.swimcloud.com/swimmer/2574598/times/,d4c91b27ba405e97099a82523049873d95b66b2b5afcd0fae47359b4c0f9b17b
2574598,2026-02-04,50 Back LCM,LCM,29.39,29.39,2025-12-16,Oneonta vs. Cooperstown,,X,https://www.swimcloud.com/swimmer/2574598/times/,6bfa159677ad4eea4f13df258953a9ed8d0f27a159f5f1ea37107fbcd3285b76
2574598,2026-02-04,50 Back LCM,LCM,30.91,30.91,2025-12-09,Canjo-Ft Plain vs. Cooperstown,,X,https://www.swimcloud.com/swimmer/2574598/times/,298c1a55869a84caf6557442d34f9c004965ac8ec01d4072addca36de1778481
2574598,2026-02-04,50 Back LCM,LCM,29.24,29.24,2025-03-15,Adirondack Gold Short Course Championship,,X,https://www.swimcloud.com/swimmer/2574598/times/,ff08e81f1353a03f57fea620e869d00e2fc2c8335ffdaa4222acb6eaac38b8ac
2574598,2026-02-04,50 Back LCM,LCM,28.99,28.99,2025-03-15,Adirondack Gold Short Course Championship,,X,https://www.swimcloud.com/swimmer/2574598/times/,2e4019c42d71937a22a4b3e51e49d41d87f60ff8c8fad710013b139c27331d47
2574598,2026-02-04,50 Back LCM,LCM,30.35,30.35,2025-02-22,CVSL Championships,,X,https://www.swimcloud.com/swimmer/2574598/times/,74984e72e5312ff89f7bb9bd4cfa1d08a8cf58c2fa4ba1282d382fec6ad23602
2574598,2026-02-04,50 Back LCM,LCM,28.95,28.95,2025-02-09,NYPHSAA Section 3 Boys Class B/C Championship,,R,https://www.swimcloud.com/swimmer/2574598/times/,6ec0a177e2af5e0ca1c76ab0388460b236d1dcb96e1d6c8f95c6c71f9b94ff3e
2574598,2026-02-04,50 Back LCM,LCM,29.42,29.42,2025-01-24,Oneida vs. Coop/NH,,R,https://www.swimcloud.com/swimmer/2574598/times/,9692c2b86b89acaff51cad182a89d886d01bafbcdf968440b1c0bdff9c1d4d75
2574598,2026-02-04,50 Back LCM,LCM,29.20,29.2,2025-01-23,Rome Free vs. Cooperstown vs. Thomas Proctor vs. Syracuse City,,R,https://www.swimcloud.com/swimmer/2574598/times/,5e3326859687f737b4364aa49d8442438371b959e536421d4297095bdda6defc
2574598,2026-02-04,50 Back LCM,LCM,29.73,29.73,2025-01-16,Cooperstown vs. Rome Free,,R,https://www.swimcloud.com/swimmer/2574598/times/,b2c64c9d49ca1e7d702e41bfefaae6829e2618b5254696faded2ae7ecfe729c2
2574598,2026-02-04,50 Back LCM,LCM,31.66,31.66,2025-01-04,AD ALBS Starfish Trophy Invitational,,X,https://www.swimcloud.com/swimmer/2574598/times/,4d94bfb2e8fb51d4e4e98d41d24738ac88acf16ef606da7743a5c30d94f746da
2574598,2026-02-04,50 Back LCM,LCM,31.04,31.04,2024-12-19,New Hartford vs. Rome Free,,R,https://www.swimcloud.com/swimmer/2574598/times/,1d025215e8d42169722e4135ea9442617636b4bf11baa970ed4e26bf0394eab8
2574598,2026-02-04,50 Back LCM,LCM,32.40,32.4,2024-12-10,Thomas Proctor vs. Holland Patent vs. Cooperstown,,X,https://www.swimcloud.com/swimmer/2574598/times/,f3d391ff75c1b3c7454e9020067a865131f2e84e94551ccb33b62dbc3d8fd942
2574598,2026-02-04,50 Back LCM,LCM,32.31,32.31,2024-03-09,Adirondack Gold Short Course Championship,,X,https://www.swimcloud.com/swimmer/2574598/times/,3d28e79d2c226b9cb33d21a5de3aee72b33ee03eeca457c5dec63b5e45b96805
2574598,2026-02-04,50 Back LCM,LCM,31.26,31.26,2024-02-11,NYSPHSAA Section 3 Boys Class B/C Championship,,R,https://www.swimcloud.com/swimmer/2574598/times/,38a8a5c1a1b8cfb0ea514d9d54c94cf321cf97b23a47de5f91f520388c4dde4d
2574598,2026-02-04,50 Back LCM,LCM,31.42,31.42,2024-01-27,TVL Championship,,R,https://www.swimcloud.com/swimmer/2574598/times/,efb41af7006f7cef9a5725c769b0dfe411f444d4256d85d3ea154d7c89c9952c
2574598,2026-02-04,50 Back LCM,LCM,31.58,31.58,2024-01-27,TVL Championship,,X,https://www.swimcloud.com/swimmer/2574598/times/,cb81cb262e541e5846deba2dc3062de85d5f0e5e0d34831b46bca61437d2ef69
2574598,2026-02-04,50 Back LCM,LCM,32.36,32.36,2024-01-06,AD ALBS Starfish Trophy Invitational,,R,https://www.swimcloud.com/swimmer/2574598/times/,eca917604e61b5374719f8f19d75dd320267e4861413a77a467e51474c316903
2574598,2026-02-04,50 Back LCM,LCM,33.69,33.69,2024-01-06,AD ALBS Starfish Trophy Invitational,,X,https://www.swimcloud.com/swimmer/2574598/times/,cc96d02bd4a28274efd56f83474ec01ae36f4bfb957b151d421870090395dd83
2574598,2026-02-04,50 Back LCM,LCM,32.32,32.32,2024-01-04,Cooperstown vs. Sherburne Earlville,,R,https://www.swimcloud.com/swimmer/2574598/times/,b299190ff5d72fc816a335287f9a59aa590989971518ad212a298d291a4b552d
2574598,2026-02-04,50 Back LCM,LCM,33.48,33.48,2023-12-07,Holland Patent Central vs. Cooperstown vs. Sherburne Earlville,,R,https://www.swimcloud.com/swimmer/2574598/times/,48110ce1e57b0e7ac815eb0ab61f012b0235640106a2714eff2b15d238f51546
2574598,2026-02-04,50 Back LCM,LCM,33.01,33.01,2023-12-05,Thomas Proctor vs. Cooperstown,,R,https://www.swimcloud.com/swimmer/2574598/times/,ab9edf4a25ae60a5b3d472b42bcbbd96fcd8a792c225ce4c0d4c29aff459594c
2574598,2026-02-04,50 Back LCM,LCM,33.62,33.62,2023-11-30,Cooperstown vs. Rome Free,,R,https://www.swimcloud.com/swimmer/2574598/times/,258972dd349bb6e7e6c08e33afd85307a68775142c734a6810d8a4ada35bb822
2574598,2026-02-04,50 Back LCM,LCM,34.56,34.56,2023-11-18,CVSL Tri Meet,,X,https://www.swimcloud.com/swimmer/2574598/times/,46c7e2ea0606cef896f9effff28c704a5a2cc78066d15e3486eeedc47e060e5b
2574598,2026-02-04,50 Back LCM,LCM,34.36,34.36,2023-03-12,Adirondack Gold Championship,,,https://www.swimcloud.com/swimmer/2574598/times/,3fc2bc3a67b0b099ed4e7f924e5ee64ac54a158138c8e912dabaa66b5d0efad0
2574598,2026-02-04,50 Back LCM,LCM,37.02,37.02,2023-02-04,2023 AD Delmar Dolfins February Freeze,,,https://www.swimcloud.com/swimmer/2574598/times/,ac9759b4ce3357da1af3e3d8cec27c537fe5e819108829691d8da89733314f33
2574598,2026-02-04,50 Back LCM,LCM,37.52,37.52,2023-01-14,Canajoharie Developmental Meet,,,https://www.swimcloud.com/swimmer/2574598/times/,d76b9eaf382b60e9b9c0588e244c5662273c422980341144c950539dfe3dc967
2574598,2026-02-04,50 Back LCM,LCM,35.98,35.98,2023-01-07,2023 AD Starfish Trophy Invitational,,,https://www.swimcloud.com/swimmer/2574598/times/,cd1d4e039619506386afcc3b27384399e91633bf4863f92577934d283a68203e
2574598,2026-02-04,50 Back LCM,LCM,35.88,35.88,2023-01-07,2023 AD Starfish Trophy Invitational,,,https://www.swimcloud.com/swimmer/2574598/times/,841349b175a2d6e137b4ba622a48f72afc78d67714555ad6e6d48823d04b7d0f
2574598,2026-02-04,50 Back LCM,LCM,35.98,35.98,2023-01-07,Starfish Trophy Invitational,,,https://www.swimcloud.com/swimmer/2574598/times/,4803c4b0b6fd5706ef485177a2b471978cea1f88ddddce7a3ac05c8f8c6c135f
2574598,2026-02-04,50 Back LCM,LCM,35.88,35.88,2023-01-07,Starfish Trophy Invitational,,,https://www.swimcloud.com/swimmer/2574598/times/,4b168d3474dceb3c32537e03f4dbb0b250f8e454cbdea9ff79eb61d0e5d62259
2574598,2026-02-04,50 Back LCM,LCM,36.79,36.79,2022-11-19,2022 AD November CVSL Tri Meet,,,https://www.swimcloud.com/swimmer/2574598/times/,50f98cc6e11b4c156126d43ced804a69b4cc22588570869d87df0787de18beae
2574598,2026-02-04,50 Back LCM,LCM,35.95,35.95,2022-11-05,First Splash,,,https://www.swimcloud.com/swimmer/2574598/times/,7523909bde60ab102ce1735e6abf78525305794e707d92347935b1a9c900301e
2574598,2026-02-04,50 Back LCM,LCM,41.30,41.3,2020-02-01,AD Delmar Dolfins February Freeze,,X,https://www.swimcloud.com/swimmer/2574598/times/,b5f58789b4918232e0066c32e084198c2b945d910b3ae728f2861637d24e860f
2574598,2026-02-04,50 Back LCM,LCM,41.77,41.77,2020-01-11,AD Canajoharie Developmental Meet,,,https://www.swimcloud.com/swimmer/2574598/times/,09cbb88b43cb8ac616a73b33b4552cf15d78625cc89c42fc6ab4654bdfd30f8a
2574598,2026-02-04,50 Back LCM,LCM,45.66,45.66,2019-11-16,CVSL Quad Meet,,,https://www.swimcloud.com/swimmer/2574598/times/,1a44a6fa850538efb64b872279088fc1fe1b8a6d5d7baf9f69aebf10ebf9aa44
2574598,2026-02-04,50 Back LCM,LCM,45.43,45.43,2019-11-02,First Splash,,,https://www.swimcloud.com/swimmer/2574598/times/,431b4709f345c62576ae2ac277d1918702ef22a71e9a05b38c9a6679d93542c3
2574598,2026-02-04,50 Back LCM,LCM,46.48,46.48,2019-02-23,Championships,,,https://www.swimcloud.com/swimmer/2574598/times/,ee25d619000334c83c8527a0a3ce37102f6e08bbad428f8322ad381d2b631081
2574598,2026-02-04,50 Back LCM,LCM,50.48,50.48,2019-01-12,AD Canajoharie Developmental Meet,,,https://www.swimcloud.com/swimmer/2574598/times/,374914bdf0cde9052391c3d5076145ceb8472f17719e3543ba10839d5aa65932
2574598,2026-02-04,50 Back LCM,LCM,54.65,54.65,2018-11-17,CVSL Quad meet,,,https://www.swimcloud.com/swimmer/2574598/times/,b1a6e0dbb556b50e8ab67ac9f5974e2ccc905b0bec9b217d70640346691250ec
2574598,2026-02-04,100 Back SCY,SCY,27.64,27.64,2026-01-31,TVL Boys Championships,,R,https://www.swimcloud.com/swimmer/2574598/times/,23cc25bfdc8cdee82f318aec4a8b59eec47610936c932d7a95f326232a491ab8
2574598,2026-02-04,100 Back SCY,SCY,28.27,28.27,2026-01-31,TVL Boys Championships,,X,https://www.swimcloud.com/swimmer/2574598/times/,f5b313d202f6767c2dca5d8490af0df577dbe29a39abe8cb046b5c63cdde2c35
2574598,2026-02-04,100 Back SCY,SCY,28.65,28.65,2026-01-22,Holland Patent vs. Cooperstown,,R,https://www.swimcloud.com/swimmer/2574598/times/,b135d13d3f95b4a5bb902f3c765c9d5db40eb6253845ed80dee5f277e02ddb8c
2574598,2026-02-04,100 Back SCY,SCY,29.24,29.24,2026-01-20,Rome Free Academy v Cooperstown,,R,https://www.swimcloud.com/swimmer/2574598/times/,bf7579e09f6e58b24659452ead50bb52e9f9d99d751c2eaf35420c098c125d58
2574598,2026-02-04,100 Back SCY,SCY,28.74,28.74,2025-12-18,New Hartford vs. Cooperstown,,R,https://www.swimcloud.com/swimmer/2574598/times/,189a3bc5f2dcff01b11d9acab94dc0f1172d5de4298148cbb53bd5fe2396c5f5
2574598,2026-02-04,100 Back SCY,SCY,28.72,28.72,2025-12-16,Oneonta vs. Cooperstown,,R,https://www.swimcloud.com/swimmer/2574598/times/,b705d6cc9d57084d4def198a89e11b1e9c8f4c2020034b87f7026477d6001417
2574598,2026-02-04,100 Back SCY,SCY,29.39,29.39,2025-12-16,Oneonta vs. Cooperstown,,X,https://www.swimcloud.com/swimmer/2574598/times/,dcdc8751cd1473f1f549902175895ed01813cc67be0d9a8667d2708d00ce7069
2574598,2026-02-04,100 Back SCY,SCY,30.91,30.91,2025-12-09,Canjo-Ft Plain vs. Cooperstown,,X,https://www.swimcloud.com/swimmer/2574598/times/,df7aa2201133f881e60535d5d09b98dddfad6d48a5091b9a72743cd5cc242ad6
2574598,2026-02-04,100 Back SCY,SCY,29.24,29.24,2025-03-15,Adirondack Gold Short Course Championship,,X,https://www.swimcloud.com/swimmer/2574598/times/,42c55b8a0acf55a50ea8cf4e798ae16539853fff4086dc1b89a55351c7940e8c
2574598,2026-02-04,100 Back SCY,SCY,28.99,28.99,2025-03-15,Adirondack Gold Short Course Championship,,X,https://www.swimcloud.com/swimmer/2574598/times/,c0527f929614320e12c36a126fc098272d299a810dfadafd6328bb9492f4681b
2574598,2026-02-04,100 Back SCY,SCY,30.35,30.35,2025-02-22,CVSL Championships,,X,https://www.swimcloud.com/swimmer/2574598/times/,e9b06b7a38f16bd079a7cdaa3f1d850c3b3d8f85f74aef8ecfca44d6d01502bd
2574598,2026-02-04,100 Back SCY,SCY,28.95,28.95,2025-02-09,NYPHSAA Section 3 Boys Class B/C Championship,,R,https://www.swimcloud.com/swimmer/2574598/times/,e8630cf231f8f39ef471ebdd76460ffebf8b6d3fe442438b70d87cc81a359134
2574598,2026-02-04,100 Back SCY,SCY,29.42,29.42,2025-01-24,Oneida vs. Coop/NH,,R,https://www.swimcloud.com/swimmer/2574598/times/,2edd94c04565ca705c48c4105e924045c174871ff749d6424549551d539bb657
2574598,2026-02-04,100 Back SCY,SCY,29.20,29.2,2025-01-23,Rome Free vs. Cooperstown vs. Thomas Proctor vs. Syracuse City,,R,https://www.swimcloud.com/swimmer/2574598/times/,903b47596e25a00ade94421e7285abc456799e8bf05b8f318d7a12187ea911de
2574598,2026-02-04,100 Back SCY,SCY,29.73,29.73,2025-01-16,Cooperstown vs. Rome Free,,R,https://www.swimcloud.com/swimmer/2574598/times/,e5c78314a433b267db2d751c38115ec01f463157f1b3510055e8fdcc5a8f2577
2574598,2026-02-04,100 Back SCY,SCY,31.66,31.66,2025-01-04,AD ALBS Starfish Trophy Invitational,,X,https://www.swimcloud.com/swimmer/2574598/times/,299c10b64124945325d85aeef10675144e784faf9d219f129a030eb3e9e62968
2574598,2026-02-04,100 Back SCY,SCY,31.04,31.04,2024-12-19,New Hartford vs. Rome Free,,R,https://www.swimcloud.com/swimmer/2574598/times/,9f0fe1aac4e6a320374d9f3faa7198f3b6bf2a8ed2209919069b0479d44b2c94
2574598,2026-02-04,100 Back SCY,SCY,32.40,32.4,2024-12-10,Thomas Proctor vs. Holland Patent vs. Cooperstown,,X,https://www.swimcloud.com/swimmer/2574598/times/,878004c8ec5bae10b083dce4a09d634f0abf0fd9088abc65b390e0073385840c
2574598,2026-02-04,100 Back SCY,SCY,32.31,32.31,2024-03-09,Adirondack Gold Short Course Championship,,X,https://www.swimcloud.com/swimmer/2574598/times/,511819d9342c10a156e7a4f1c5e43c80204ff3be3927114a2bae0cf9665caead
2574598,2026-02-04,100 Back SCY,SCY,31.26,31.26,2024-02-11,NYSPHSAA Section 3 Boys Class B/C Championship,,R,https://www.swimcloud.com/swimmer/2574598/times/,c46ef24af8256ecd0767f1396da624aece6928766ec664c8c8cf759d965fdbd9
2574598,2026-02-04,100 Back SCY,SCY,31.42,31.42,2024-01-27,TVL Championship,,R,https://www.swimcloud.com/swimmer/2574598/times/,bf950be8bbe3d30b91362ecf2711a45ad51f364b727476ea8c80bb4569e96e46
2574598,2026-02-04,100 Back SCY,SCY,31.58,31.58,2024-01-27,TVL Championship,,X,https://www.swimcloud.com/swimmer/2574598/times/,49bba012978ff5cacc1216f8d4a5515a31fb56e52424c57fbbd2625b0addb619
2574598,2026-02-04,100 Back SCY,SCY,32.36,32.36,2024-01-06,AD ALBS Starfish Trophy Invitational,,R,https://www.swimcloud.com/swimmer/2574598/times/,5c033e30ab943dd592478df95ef3df7773c1ab58ff88d71f9872c0e7e593afc9
2574598,2026-02-04,100 Back SCY,SCY,33.69,33.69,2024-01-06,AD ALBS Starfish Trophy Invitational,,X,https://www.swimcloud.com/swimmer/2574598/times/,7e7a96f8883f6f895c24e43458fd52e68b959ff2b791db71507c24ea61162d53
2574598,2026-02-04,100 Back SCY,SCY,32.32,32.32,2024-01-04,Cooperstown vs. Sherburne Earlville,,R,https://www.swimcloud.com/swimmer/2574598/times/,077dd7edf80ac10ee4ccc7e34209ced509b988ec61a213e6eb1332ca2b330ab9
2574598,2026-02-04,100 Back SCY,SCY,33.48,33.48,2023-12-07,Holland Patent Central vs. Cooperstown vs. Sherburne Earlville,,R,https://www.swimcloud.com/swimmer/2574598/times/,4bf30ce1259b04e61ba7ee6dc482673a1d0ba66397df0d075fb2441af6360a8c
2574598,2026-02-04,100 Back SCY,SCY,33.01,33.01,2023-12-05,Thomas Proctor vs. Cooperstown,,R,https://www.swimcloud.com/swimmer/2574598/times/,ca61c232f32ece4e27d62e85fe34d7ac5ff4f7cde05002288476dfdc4c1ccb9d
2574598,2026-02-04,100 Back SCY,SCY,33.62,33.62,2023-11-30,Cooperstown vs. Rome Free,,R,https://www.swimcloud.com/swimmer/2574598/times/,29f23c8e5fcd7897c69ebabf04233ca0526c3b6ec1159acd4acb134db6545043
2574598,2026-02-04,100 Back SCY,SCY,34.56,34.56,2023-11-18,CVSL Tri Meet,,X,https://www.swimcloud.com/swimmer/2574598/times/,c39b9ffce56fd8b17edac462a4fefe528347c9a9c9945fe6a8df75f4969ab38c
2574598,2026-02-04,100 Back SCY,SCY,34.36,34.36,2023-03-12,Adirondack Gold Championship,,,https://www.swimcloud.com/swimmer/2574598/times/,718e267ef7647052c7931e3d2c2bde679455a48271819c798600d1e0b49e49c5
2574598,2026-02-04,100 Back SCY,SCY,37.02,37.02,2023-02-04,2023 AD Delmar Dolfins February Freeze,,,https://www.swimcloud.com/swimmer/2574598/times/,da8db0e29a8a86e09f39e668322271ce6229763dc4c20e18f83b671a91859c81
2574598,2026-02-04,100 Back SCY,SCY,37.52,37.52,2023-01-14,Canajoharie Developmental Meet,,,https://www.swimcloud.com/swimmer/2574598/times/,a95b73d49439ad78f2dda1674833e2a6891bc3ff4fe7842e147288488dfa8b43
2574598,2026-02-04,100 Back SCY,SCY,35.98,35.98,2023-01-07,2023 AD Starfish Trophy Invitational,,,https://www.swimcloud.com/swimmer/2574598/times/,13bfb32d42b5f94e6961c88acac4bd2dbcfe3eaee37e93f906d8033a203ec71e
2574598,2026-02-04,100 Back SCY,SCY,35.88,35.88,2023-01-07,2023 AD Starfish Trophy Invitational,,,https://www.swimcloud.com/swimmer/2574598/times/,234dfc989ac1dd341f8f90f4eb160f85c62fa0d0f7922f2a5ae88520d2b25fa0
2574598,2026-02-04,100 Back SCY,SCY,35.98,35.98,2023-01-07,Starfish Trophy Invitational,,,https://www.swimcloud.com/swimmer/2574598/times/,f30a4923609fa7596212739cff49d3a04995b4b1bc2a5b3ba832a87d05a4b1c2
2574598,2026-02-04,100 Back SCY,SCY,35.88,35.88,2023-01-07,Starfish Trophy Invitational,,,https://www.swimcloud.com/swimmer/2574598/times/,d0e573ff9ce0ef8b349df2584224afd7ed8c3a6563df88f866bc73c1cfb7513d
2574598,2026-02-04,100 Back SCY,SCY,36.79,36.79,2022-11-19,2022 AD November CVSL Tri Meet,,,https://www.swimcloud.com/swimmer/2574598/times/,d3ca806bf94874e3af7db2686d47eeb20b9d2c3c5265930da76fbbac183b8a47
2574598,2026-02-04,100 Back SCY,SCY,35.95,35.95,2022-11-05,First Splash,,,https://www.swimcloud.com/swimmer/2574598/times/,c2a943a3cdee3c295716facc7bf14ca704e2c195a273f5c7ef80030f8fcaca43
2574598,2026-02-04,100 Back SCY,SCY,41.30,41.3,2020-02-01,AD Delmar Dolfins February Freeze,,X,https://www.swimcloud.com/swimmer/2574598/times/,45ef9644c3e8ff59459733de8f33d6f034dbc995f347ff622715816d7632f52a
2574598,2026-02-04,100 Back SCY,SCY,41.77,41.77,2020-01-11,AD Canajoharie Developmental Meet,,,https://www.swimcloud.com/swimmer/2574598/times/,1add67d39af59c2dc65ff20352bfb6a2807a639f56f18049a54fd756a1712add
2574598,2026-02-04,100 Back SCY,SCY,45.66,45.66,2019-11-16,CVSL Quad Meet,,,https://www.swimcloud.com/swimmer/2574598/times/,fe54e2001ca0ba255f180d54e7be1fd631f80035b795fd4c97813fd408e5815d
2574598,2026-02-04,100 Back SCY,SCY,45.43,45.43,2019-11-02,First Splash,,,https://www.swimcloud.com/swimmer/2574598/times/,5b306e9b404a9aad9f3a92918bd9681d49878b4705ab6482a2fdf17d90c59822
2574598,2026-02-04,100 Back SCY,SCY,46.48,46.48,2019-02-23,Championships,,,https://www.swimcloud.com/swimmer/2574598/times/,654d8ed81c5e2dae0bf460fa23070850a062c199de8dc2c2cd5e9f251cfa7961
2574598,2026-02-04,100 Back SCY,SCY,50.48,50.48,2019-01-12,AD Canajoharie Developmental Meet,,,https://www.swimcloud.com/swimmer/2574598/times/,b58079b3b35d49c4ea591b2c0316ed1baa657118676204580360aef3000525cb
2574598,2026-02-04,100 Back SCY,SCY,54.65,54.65,2018-11-17,CVSL Quad meet,,,https://www.swimcloud.com/swimmer/2574598/times/,3060bb46b425deacb8179b2a5a57d8375d17bb70c0df722c81f287124b0fdeb7
2574598,2026-02-04,200 Back SCY,SCY,27.64,27.64,2026-01-31,TVL Boys Championships,,R,https://www.swimcloud.com/swimmer/2574598/times/,ed6ad11e1328aee4c3e33012d576def240e039c5b387fbcdde782a256dc0377e
2574598,2026-02-04,200 Back SCY,SCY,28.27,28.27,2026-01-31,TVL Boys Championships,,X,https://www.swimcloud.com/swimmer/2574598/times/,143c225bb10bcd84f07a6079d4c288c860eeda8b4be444802c7f59ad79cdb0b2
2574598,2026-02-04,200 Back SCY,SCY,28.65,28.65,2026-01-22,Holland Patent vs. Cooperstown,,R,https://www.swimcloud.com/swimmer/2574598/times/,c8eb647d6cc9d1516d25882993d51fd677f81d364f86f016cf9ef686cead8600
2574598,2026-02-04,200 Back SCY,SCY,29.24,29.24,2026-01-20,Rome Free Academy v Cooperstown,,R,https://www.swimcloud.com/swimmer/2574598/times/,c81bbd8edb5c95b2c9b60a5e0fb31d47ebc04192e35e6063f88c2316fc3408e9
2574598,2026-02-04,200 Back SCY,SCY,28.74,28.74,2025-12-18,New Hartford vs. Cooperstown,,R,https://www.swimcloud.com/swimmer/2574598/times/,b5ed8cff551d0d2b8bb7f39241f395563b40c795126b0eccb40ab6a799887f1e
2574598,2026-02-04,200 Back SCY,SCY,28.72,28.72,2025-12-16,Oneonta vs. Cooperstown,,R,https://www.swimcloud.com/swimmer/2574598/times/,81803aa2a67aeb3b43da5e7dba421e96575abd325fe10af6d07acf28f62668ed
2574598,2026-02-04,200 Back SCY,SCY,29.39,29.39,2025-12-16,Oneonta vs. Cooperstown,,X,https://www.swimcloud.com/swimmer/2574598/times/,f194b180578f1f91ca35beb034e75bc2b30d36fcd67bb7b1a3f0cd5e5cc54f76
2574598,2026-02-04,200 Back SCY,SCY,30.91,30.91,2025-12-09,Canjo-Ft Plain vs. Cooperstown,,X,https://www.swimcloud.com/swimmer/2574598/times/,28b94a05809f12d068ad806d0e16bb260703087c0a950878960bd19de5d66234
2574598,2026-02-04,200 Back SCY,SCY,29.24,29.24,2025-03-15,Adirondack Gold Short Course Championship,,X,https://www.swimcloud.com/swimmer/2574598/times/,a1fc514090acc98acf24bd8b40638890d6b0702ff84f04ad5633e7c6398f1dad
2574598,2026-02-04,200 Back SCY,SCY,28.99,28.99,2025-03-15,Adirondack Gold Short Course Championship,,X,https://www.swimcloud.com/swimmer/2574598/times/,c2b711265489a0923451c4203d4214b8705d1e14edc23bec794057c7ebb9bb21
2574598,2026-02-04,200 Back SCY,SCY,30.35,30.35,2025-02-22,CVSL Championships,,X,https://www.swimcloud.com/swimmer/2574598/times/,f8117834ee9a68312dfb9622bae074e3df9d8845eb0fe7b4f1f0ea88ed6fe76c
2574598,2026-02-04,200 Back SCY,SCY,28.95,28.95,2025-02-09,NYPHSAA Section 3 Boys Class B/C Championship,,R,https://www.swimcloud.com/swimmer/2574598/times/,ac45c13fd803130f46c8efa4af70fdde20ed37be19ce8ff4e918a06bfcaf38cf
2574598,2026-02-04,200 Back SCY,SCY,29.42,29.42,2025-01-24,Oneida vs. Coop/NH,,R,https://www.swimcloud.com/swimmer/2574598/times/,eff0820721c5620c7134bbfed19888735bc985ce4811d7b0eb696a7e610ece98
2574598,2026-02-04,200 Back SCY,SCY,29.20,29.2,2025-01-23,Rome Free vs. Cooperstown vs. Thomas Proctor vs. Syracuse City,,R,https://www.swimcloud.com/swimmer/2574598/times/,a6dae60391cdc621bb55fbfa4e4f85b08341e2f914462ab64b3fbaff6bd8d330
2574598,2026-02-04,200 Back SCY,SCY,29.73,29.73,2025-01-16,Cooperstown vs. Rome Free,,R,https://www.swimcloud.com/swimmer/2574598/times/,48760a2128821c3de2ce2c5e0639d1cf65741518a105588b6eb55e07b5c4e55e
2574598,2026-02-04,200 Back SCY,SCY,31.66,31.66,2025-01-04,AD ALBS Starfish Trophy Invitational,,X,https://www.swimcloud.com/swimmer/2574598/times/,cf5e5d81ef4ab2c787c0c63b8b745e51573557d6b1aed713d82ed60db844a935
2574598,2026-02-04,200 Back SCY,SCY,31.04,31.04,2024-12-19,New Hartford vs. Rome Free,,R,https://www.swimcloud.com/swimmer/2574598/times/,a0db2174b1a8af54680d04a98880be6f5751e6d1806d9e494a1d5f61be54e127
2574598,2026-02-04,200 Back SCY,SCY,32.40,32.4,2024-12-10,Thomas Proctor vs. Holland Patent vs. Cooperstown,,X,https://www.swimcloud.com/swimmer/2574598/times/,f7351279ee11837c133b420a13cdbdc69ad7ddcdc3434cea0a83d3d89a814881
2574598,2026-02-04,200 Back SCY,SCY,32.31,32.31,2024-03-09,Adirondack Gold Short Course Championship,,X,https://www.swimcloud.com/swimmer/2574598/times/,f9eb84fef9cbb005aadfd12e1a40b1edf8a40e6143e0479c2ed98b0905dcc183
2574598,2026-02-04,200 Back SCY,SCY,31.26,31.26,2024-02-11,NYSPHSAA Section 3 Boys Class B/C Championship,,R,https://www.swimcloud.com/swimmer/2574598/times/,a67f8c037d00c3a3492fcad74715d3d4d4c8e71cc7504fad3f0fc27ba9770777
2574598,2026-02-04,200 Back SCY,SCY,31.42,31.42,2024-01-27,TVL Championship,,R,https://www.swimcloud.com/swimmer/2574598/times/,4c1ab1d6be3a29b0dc5484f11ffe9b92deb2a12cce7a06364615ae0066ba7d68
2574598,2026-02-04,200 Back SCY,SCY,31.58,31.58,2024-01-27,TVL Championship,,X,https://www.swimcloud.com/swimmer/2574598/times/,12dae9e4cd90b1b8acbc6f2a9ede47d918d997b9b71f9afd84245b32fa1896ab
2574598,2026-02-04,200 Back SCY,SCY,32.36,32.36,2024-01-06,AD ALBS Starfish Trophy Invitational,,R,https://www.swimcloud.com/swimmer/2574598/times/,f56e8918e214df90f04a3ac7ea7dd93b62fe86008da5bba529d2cf2f637bad98
2574598,2026-02-04,200 Back SCY,SCY,33.69,33.69,2024-01-06,AD ALBS Starfish Trophy Invitational,,X,https://www.swimcloud.com/swimmer/2574598/times/,661c2c4be81f5e1305653d27a11c4507b89769a32409d74108ce876859cfc1dc
2574598,2026-02-04,200 Back SCY,SCY,32.32,32.32,2024-01-04,Cooperstown vs. Sherburne Earlville,,R,https://www.swimcloud.com/swimmer/2574598/times/,2f2615fc033ec2f15da4d8b615990b21c2772dfd68dec92f503d7f1cdf348ccc
2574598,2026-02-04,200 Back SCY,SCY,33.48,33.48,2023-12-07,Holland Patent Central vs. Cooperstown vs. Sherburne Earlville,,R,https://www.swimcloud.com/swimmer/2574598/times/,395ad152e9535a51e39c7fe0fabd33e98733529e81fd601109f130ccf71aacc7
2574598,2026-02-04,200 Back SCY,SCY,33.01,33.01,2023-12-05,Thomas Proctor vs. Cooperstown,,R,https://www.swimcloud.com/swimmer/2574598/times/,94d8f568dd6308bd19a18c5ddbbe925b0077d6c27003866100aa3abffa8ed1d7
2574598,2026-02-04,200 Back SCY,SCY,33.62,33.62,2023-11-30,Cooperstown vs. Rome Free,,R,https://www.swimcloud.com/swimmer/2574598/times/,e3800df012a63237ffe25796202ab279b8c9c7c84fdc6e357511b83750a093e7
2574598,2026-02-04,200 Back SCY,SCY,34.56,34.56,2023-11-18,CVSL Tri Meet,,X,https://www.swimcloud.com/swimmer/2574598/times/,d16077cb27306d22259ea7c9256e7bce389f5d150ad028de93c16f16aad4af46
2574598,2026-02-04,200 Back SCY,SCY,34.36,34.36,2023-03-12,Adirondack Gold Championship,,,https://www.swimcloud.com/swimmer/2574598/times/,5284d63065fff10d21ba6a5bc13e2e2f03bcfb3891592369144755ba42996a38
2574598,2026-02-04,200 Back SCY,SCY,37.02,37.02,2023-02-04,2023 AD Delmar Dolfins February Freeze,,,https://www.swimcloud.com/swimmer/2574598/times/,3a4f2d3193794a7c092e27bdf08c330e73df5592f0b68471acd35a794af71444
2574598,2026-02-04,200 Back SCY,SCY,37.52,37.52,2023-01-14,Canajoharie Developmental Meet,,,https://www.swimcloud.com/swimmer/2574598/times/,3964cc4a0c1d9d75a203c348963af1011f09d8397a91a9dccec789c40a880c04
2574598,2026-02-04,200 Back SCY,SCY,35.98,35.98,2023-01-07,2023 AD Starfish Trophy Invitational,,,https://www.swimcloud.com/swimmer/2574598/times/,1276b297f46d5f30b74a2bfdbd34e8862d4275b5d633fa200318cf20b991af4f
2574598,2026-02-04,200 Back SCY,SCY,35.88,35.88,2023-01-07,2023 AD Starfish Trophy Invitational,,,https://www.swimcloud.com/swimmer/2574598/times/,730577589ef5c5930488948999ca34aec3ba514585402e3bd524c7215e7fabbe
2574598,2026-02-04,200 Back SCY,SCY,35.98,35.98,2023-01-07,Starfish Trophy Invitational,,,https://www.swimcloud.com/swimmer/2574598/times/,d787f49e3dc6c4f4981b798114dfab5178ed3cfd4b056fe935a428ec32be9c86
2574598,2026-02-04,200 Back SCY,SCY,35.88,35.88,2023-01-07,Starfish Trophy Invitational,,,https://www.swimcloud.com/swimmer/2574598/times/,1fbd49345898e2e53107f7578973d54e744429a3b04252164fdae9865c4aa5bd
2574598,2026-02-04,200 Back SCY,SCY,36.79,36.79,2022-11-19,2022 AD November CVSL Tri Meet,,,https://www.swimcloud.com/swimmer/2574598/times/,ecea23558522aa67e1b54c43de12115fa96f48db871ee96b380f8e60fa414479
2574598,2026-02-04,200 Back SCY,SCY,35.95,35.95,2022-11-05,First Splash,,,https://www.swimcloud.com/swimmer/2574598/times/,8711630f5138de81f3a42daed0ee1ccedc1f5dcaddee562e8a531f439e57a920
2574598,2026-02-04,200 Back SCY,SCY,41.30,41.3,2020-02-01,AD Delmar Dolfins February Freeze,,X,https://www.swimcloud.com/swimmer/2574598/times/,d461dad68e1c921273888905e492fde26d40db59ad260e6b310994cbc1be7f9f
2574598,2026-02-04,200 Back SCY,SCY,41.77,41.77,2020-01-11,AD Canajoharie Developmental Meet,,,https://www.swimcloud.com/swimmer/2574598/times/,a83bcd3f589b143de6148740bebf1d7e94bfe74ae1c831554604894088b04565
2574598,2026-02-04,200 Back SCY,SCY,45.66,45.66,2019-11-16,CVSL Quad Meet,,,https://www.swimcloud.com/swimmer/2574598/times/,cd005d1bd8e9fd1ad240a0641c81b5db3c8cfbe981a7029102cd0c1b401171eb
2574598,2026-02-04,200 Back SCY,SCY,45.43,45.43,2019-11-02,First Splash,,,https://www.swimcloud.com/swimmer/2574598/times/,0721928ef5bd1ce23c4d511398e80c3a06243c90d3016696d63f7c51547166e0
2574598,2026-02-04,200 Back SCY,SCY,46.48,46.48,2019-02-23,Championships,,,https://www.swimcloud.com/swimmer/2574598/times/,676a93cc58f2b9e68c3aeeac113742ceec9b4411ee78e29085d6c6514fd3a628
2574598,2026-02-04,200 Back SCY,SCY,50.48,50.48,2019-01-12,AD Canajoharie Developmental Meet,,,https://www.swimcloud.com/swimmer/2574598/times/,dbc3152476bb80afc0f2a8543ee743eb3c12662c3ed21aa1572a7e88eea6ba6a
2574598,2026-02-04,200 Back SCY,SCY,54.65,54.65,2018-11-17,CVSL Quad meet,,,https://www.swimcloud.com/swimmer/2574598/times/,ae7ed185a31f6549744adf822d43e3f4b43ca3000452edf94deacb47a46666ab
2574598,2026-02-04,50 Breast SCY,SCY,27.64,27.64,2026-01-31,TVL Boys Championships,,R,https://www.swimcloud.com/swimmer/2574598/times/,b8f5dac5a6897c8f22c5cda8ef32463f4ab35dea627b20b64230a9085e0a9e39
2574598,2026-02-04,50 Breast SCY,SCY,28.27,28.27,2026-01-31,TVL Boys Championships,,X,https://www.swimcloud.com/swimmer/2574598/times/,ecc93dc2c0fd9da3349afb3a787409f8b34336ccdbe4df2e9c180715bee57294
2574598,2026-02-04,50 Breast SCY,SCY,28.65,28.65,2026-01-22,Holland Patent vs. Cooperstown,,R,https://www.swimcloud.com/swimmer/2574598/times/,b409a07dbb84108f7ee575066e2aef9b437af528a1c2cf4b8d0a9e6606f33355
2574598,2026-02-04,50 Breast SCY,SCY,29.24,29.24,2026-01-20,Rome Free Academy v Cooperstown,,R,https://www.swimcloud.com/swimmer/2574598/times/,96d816e8fbded3451921c2b658688fa532d93ebfe173bd2371c4b59900b201ab
2574598,2026-02-04,50 Breast SCY,SCY,28.74,28.74,2025-12-18,New Hartford vs. Cooperstown,,R,https://www.swimcloud.com/swimmer/2574598/times/,3fd3bc93dd787a5f3b40e93e78ddfb9f8783932edf2e0546abfee627ae48e068
2574598,2026-02-04,50 Breast SCY,SCY,28.72,28.72,2025-12-16,Oneonta vs. Cooperstown,,R,https://www.swimcloud.com/swimmer/2574598/times/,a982bf97a950413c7fe89e71672b100e8572211afa91ed3081b9a947553604c5
2574598,2026-02-04,50 Breast SCY,SCY,29.39,29.39,2025-12-16,Oneonta vs. Cooperstown,,X,https://www.swimcloud.com/swimmer/2574598/times/,fce3a6db2e81716ea6b8b950fbb40a7ec470fca2c80fbffbaf279d388224c0a1
2574598,2026-02-04,50 Breast SCY,SCY,30.91,30.91,2025-12-09,Canjo-Ft Plain vs. Cooperstown,,X,https://www.swimcloud.com/swimmer/2574598/times/,dd5851cee9915bf12a2ff216b7f47192ceee855aa8b20fa1ca59d454f3d24bde
2574598,2026-02-04,50 Breast SCY,SCY,29.24,29.24,2025-03-15,Adirondack Gold Short Course Championship,,X,https://www.swimcloud.com/swimmer/2574598/times/,fb15404bc4a300976097e1cc4eb577efca4fe77fb1d098d740bb3fc622ce7791
2574598,2026-02-04,50 Breast SCY,SCY,28.99,28.99,2025-03-15,Adirondack Gold Short Course Championship,,X,https://www.swimcloud.com/swimmer/2574598/times/,70825b3557a877b4dff953094be01735e33edc1e868b0ff714130b880c1c48f7
2574598,2026-02-04,50 Breast SCY,SCY,30.35,30.35,2025-02-22,CVSL Championships,,X,https://www.swimcloud.com/swimmer/2574598/times/,4ff8c735a602613b88859505c723daedf4247fec0699a82489bde94b42591743
2574598,2026-02-04,50 Breast SCY,SCY,28.95,28.95,2025-02-09,NYPHSAA Section 3 Boys Class B/C Championship,,R,https://www.swimcloud.com/swimmer/2574598/times/,cb991814483b430553aac72cbd8ba5d63f992a731c2202f789f44333386fbb89
2574598,2026-02-04,50 Breast SCY,SCY,29.42,29.42,2025-01-24,Oneida vs. Coop/NH,,R,https://www.swimcloud.com/swimmer/2574598/times/,b2ce75ef0879cdafa7e8c706af7ae4b5e347e43f25301572eed1ad03237a263a
2574598,2026-02-04,50 Breast SCY,SCY,29.20,29.2,2025-01-23,Rome Free vs. Cooperstown vs. Thomas Proctor vs. Syracuse City,,R,https://www.swimcloud.com/swimmer/2574598/times/,66395f9926dfb8250c3d8f0520fc5a44ea949b39e1e503ef55755d8d9a771fa9
2574598,2026-02-04,50 Breast SCY,SCY,29.73,29.73,2025-01-16,Cooperstown vs. Rome Free,,R,https://www.swimcloud.com/swimmer/2574598/times/,7a51e40b987e4ff6c88446ec9d399977d722a50e1c9bb8d023d48a10eb251b6a
2574598,2026-02-04,50 Breast SCY,SCY,31.66,31.66,2025-01-04,AD ALBS Starfish Trophy Invitational,,X,https://www.swimcloud.com/swimmer/2574598/times/,6d87c34df61df4ac4ce77a1ec514b86bab0f0243ff4ab1908d41dbe9f481e636
2574598,2026-02-04,50 Breast SCY,SCY,31.04,31.04,2024-12-19,New Hartford vs. Rome Free,,R,https://www.swimcloud.com/swimmer/2574598/times/,fdffb046a814218b062e48f3abc7d73bf2739226bab99653f9aa23d81e61e658
2574598,2026-02-04,50 Breast SCY,SCY,32.40,32.4,2024-12-10,Thomas Proctor vs. Holland Patent vs. Cooperstown,,X,https://www.swimcloud.com/swimmer/2574598/times/,76eba9740d24145ae50402d67e34ede842ab48fd75ab6df26824fc97ade8e922
2574598,2026-02-04,50 Breast SCY,SCY,32.31,32.31,2024-03-09,Adirondack Gold Short Course Championship,,X,https://www.swimcloud.com/swimmer/2574598/times/,8d2b2ec498e4931179e7e9074ddc6a966c0a075c4d4e93aa97273f8829c2c419
2574598,2026-02-04,50 Breast SCY,SCY,31.26,31.26,2024-02-11,NYSPHSAA Section 3 Boys Class B/C Championship,,R,https://www.swimcloud.com/swimmer/2574598/times/,985f2972027ab87c3fce1a16bbd3ef1706f66087fbd9ae1ed3d20364776a00fa
2574598,2026-02-04,50 Breast SCY,SCY,31.42,31.42,2024-01-27,TVL Championship,,R,https://www.swimcloud.com/swimmer/2574598/times/,97ce8e88f0677e8e3e93a233866eabed6fe09dcf4904a16be5780fd9f14ab31f
2574598,2026-02-04,50 Breast SCY,SCY,31.58,31.58,2024-01-27,TVL Championship,,X,https://www.swimcloud.com/swimmer/2574598/times/,84fa35c253756baaf9a304f5f78c439983d0f406c5e8d6e21913dbd566791433
2574598,2026-02-04,50 Breast SCY,SCY,32.36,32.36,2024-01-06,AD ALBS Starfish Trophy Invitational,,R,https://www.swimcloud.com/swimmer/2574598/times/,ca24fb880206c32e36c878c3cb7e91454de552a6657f6095292e68761294d10f
2574598,2026-02-04,50 Breast SCY,SCY,33.69,33.69,2024-01-06,AD ALBS Starfish Trophy Invitational,,X,https://www.swimcloud.com/swimmer/2574598/times/,7b6248fe128a13393ddd7388e661fce6870c4639feeb5a68b4f9dbbb990f1537
2574598,2026-02-04,50 Breast SCY,SCY,32.32,32.32,2024-01-04,Cooperstown vs. Sherburne Earlville,,R,https://www.swimcloud.com/swimmer/2574598/times/,01dd5eebd0a8af169818e4eba8f9f274405aeb935c1e05baa7f047c172f84aec
2574598,2026-02-04,50 Breast SCY,SCY,33.48,33.48,2023-12-07,Holland Patent Central vs. Cooperstown vs. Sherburne Earlville,,R,https://www.swimcloud.com/swimmer/2574598/times/,1e978f1ba44310e9675a47dd83da62364f15660c0d1021ad38eb931ac7bee3a6
2574598,2026-02-04,50 Breast SCY,SCY,33.01,33.01,2023-12-05,Thomas Proctor vs. Cooperstown,,R,https://www.swimcloud.com/swimmer/2574598/times/,ba5367a5dbb4cc40ea52ddce67f1b89da374eb450f63e0f3d729db248e4d6bd4
2574598,2026-02-04,50 Breast SCY,SCY,33.62,33.62,2023-11-30,Cooperstown vs. Rome Free,,R,https://www.swimcloud.com/swimmer/2574598/times/,bb65f186b06b6ea9bfabef59ec228f1b0b2f9a0d5130d937ff059b68b59fd732
2574598,2026-02-04,50 Breast SCY,SCY,34.56,34.56,2023-11-18,CVSL Tri Meet,,X,https://www.swimcloud.com/swimmer/2574598/times/,dbee842f0b14c885ce4378b7966a3a4b4c0333926dbd359104785428fdc2944e
2574598,2026-02-04,50 Breast SCY,SCY,34.36,34.36,2023-03-12,Adirondack Gold Championship,,,https://www.swimcloud.com/swimmer/2574598/times/,714330410ed5aa3383e6c62d3c46caedfe3afbb63578071566a6830e80810839
2574598,2026-02-04,50 Breast SCY,SCY,37.02,37.02,2023-02-04,2023 AD Delmar Dolfins February Freeze,,,https://www.swimcloud.com/swimmer/2574598/times/,231275d6f3384409679349c68fd228fae9bb2a01499f21c495df36805159b10d
2574598,2026-02-04,50 Breast SCY,SCY,37.52,37.52,2023-01-14,Canajoharie Developmental Meet,,,https://www.swimcloud.com/swimmer/2574598/times/,d5a08408eca88ee4b83da28438e0968ec88623a63294944ea121f7172f8866fd
2574598,2026-02-04,50 Breast SCY,SCY,35.98,35.98,2023-01-07,2023 AD Starfish Trophy Invitational,,,https://www.swimcloud.com/swimmer/2574598/times/,d6a64693de697541faf732e5814c32a5a332180d24a9cd7972f062352b7f8e85
2574598,2026-02-04,50 Breast SCY,SCY,35.88,35.88,2023-01-07,2023 AD Starfish Trophy Invitational,,,https://www.swimcloud.com/swimmer/2574598/times/,91503a490416f5b946b1d327ef7c86069b03021253a420a8ae6c1900da2e75b9
2574598,2026-02-04,50 Breast SCY,SCY,35.98,35.98,2023-01-07,Starfish Trophy Invitational,,,https://www.swimcloud.com/swimmer/2574598/times/,b3039d60533a27d0494f9ddcf27b7d123b64cb507165ac1925be20810d4e9068
2574598,2026-02-04,50 Breast SCY,SCY,35.88,35.88,2023-01-07,Starfish Trophy Invitational,,,https://www.swimcloud.com/swimmer/2574598/times/,6078d09e6a3a1caa94203cd3d23798eaf5d20f46c1bc0d65d78e3fa2168d69b4
2574598,2026-02-04,50 Breast SCY,SCY,36.79,36.79,2022-11-19,2022 AD November CVSL Tri Meet,,,https://www.swimcloud.com/swimmer/2574598/times/,9962a031f20db579019fd9108e6833b79a6ed730449ff9f6d15e9d5df4a0c69c
2574598,2026-02-04,50 Breast SCY,SCY,35.95,35.95,2022-11-05,First Splash,,,https://www.swimcloud.com/swimmer/2574598/times/,fb334319817c0cea4f2b82701e4fedc084a3d47d72b9071baf85c51d3d22d26e
2574598,2026-02-04,50 Breast SCY,SCY,41.30,41.3,2020-02-01,AD Delmar Dolfins February Freeze,,X,https://www.swimcloud.com/swimmer/2574598/times/,fc9ef90c77a3dae5fab48f4f4472eff66fec706a60bd7d5c48d5cda0ef18b514
2574598,2026-02-04,50 Breast SCY,SCY,41.77,41.77,2020-01-11,AD Canajoharie Developmental Meet,,,https://www.swimcloud.com/swimmer/2574598/times/,299060e6826dabb062c0f545c36ae5807ff9caca17feb40f2a2297b38f83d6ad
2574598,2026-02-04,50 Breast SCY,SCY,45.66,45.66,2019-11-16,CVSL Quad Meet,,,https://www.swimcloud.com/swimmer/2574598/times/,6045d3503c57fc90c51e0f000d6ea0a85ab88bda9d82bbe89f3eba6682ed1666
2574598,2026-02-04,50 Breast SCY,SCY,45.43,45.43,2019-11-02,First Splash,,,https://www.swimcloud.com/swimmer/2574598/times/,09238419c7ebb0d27fd1ac33d570a7ae54493e8533088bf3146875e4c1c537a8
2574598,2026-02-04,50 Breast SCY,SCY,46.48,46.48,2019-02-23,Championships,,,https://www.swimcloud.com/swimmer/2574598/times/,42bdf78522366e679f1154dc337b18e4b9b44b2f1570b20802a6ec65461a5ff2
2574598,2026-02-04,50 Breast SCY,SCY,50.48,50.48,2019-01-12,AD Canajoharie Developmental Meet,,,https://www.swimcloud.com/swimmer/2574598/times/,48db109533656558de50b11e07bdb86c4e01ae3c94f175a90b3ff6633d9a86e0
2574598,2026-02-04,50 Breast SCY,SCY,54.65,54.65,2018-11-17,CVSL Quad meet,,,https://www.swimcloud.com/swimmer/2574598/times/,50b58ee206fea595e4171edd928b3037b6b032c9cb057d29b2fc3b7d04b54bb6
2574598,2026-02-04,100 Breast SCY,SCY,27.64,27.64,2026-01-31,TVL Boys Championships,,R,https://www.swimcloud.com/swimmer/2574598/times/,3b85b1779deabc77dadecd7c748ae9fb21ab1029d2c8bb77e938bbe77945c83f
2574598,2026-02-04,100 Breast SCY,SCY,28.27,28.27,2026-01-31,TVL Boys Championships,,X,https://www.swimcloud.com/swimmer/2574598/times/,3d7018e256f6c4e9881df54e534f3cf5efbd7e28a543fb9b8d32177a4ec33a9d
2574598,2026-02-04,100 Breast SCY,SCY,28.65,28.65,2026-01-22,Holland Patent vs. Cooperstown,,R,https://www.swimcloud.com/swimmer/2574598/times/,d4954cedc538931439dbf0766f62cf43900229e3d6b412831f5cdccac2a6739c
2574598,2026-02-04,100 Breast SCY,SCY,29.24,29.24,2026-01-20,Rome Free Academy v Cooperstown,,R,https://www.swimcloud.com/swimmer/2574598/times/,0ad92a33fed311f42c52c594c5fad81778accbfad933797a5cdde4b1333601ca
2574598,2026-02-04,100 Breast SCY,SCY,28.74,28.74,2025-12-18,New Hartford vs. Cooperstown,,R,https://www.swimcloud.com/swimmer/2574598/times/,f1587f3c71ae25bc076fc39339f2b73e340c3eca34abe386780ba7fe336d264a
2574598,2026-02-04,100 Breast SCY,SCY,28.72,28.72,2025-12-16,Oneonta vs. Cooperstown,,R,https://www.swimcloud.com/swimmer/2574598/times/,bc05dccd23d863605dc8566e0500683ae39c1cce202c8176dff3b65c89d3222c
2574598,2026-02-04,100 Breast SCY,SCY,29.39,29.39,2025-12-16,Oneonta vs. Cooperstown,,X,https://www.swimcloud.com/swimmer/2574598/times/,e9156b4a6caabe9553d1563e167599330dc302bf2850bc956904b0dcd509e453
2574598,2026-02-04,100 Breast SCY,SCY,30.91,30.91,2025-12-09,Canjo-Ft Plain vs. Cooperstown,,X,https://www.swimcloud.com/swimmer/2574598/times/,87da342278bdd4bcf958e8c580fcd8a0924bc58ae0969d7591962a3395a35674
2574598,2026-02-04,100 Breast SCY,SCY,29.24,29.24,2025-03-15,Adirondack Gold Short Course Championship,,X,https://www.swimcloud.com/swimmer/2574598/times/,8b22dc10e8a568b92084c5161619a5bf476a1fe8e62a9fb623d0d1959cfa658b
2574598,2026-02-04,100 Breast SCY,SCY,28.99,28.99,2025-03-15,Adirondack Gold Short Course Championship,,X,https://www.swimcloud.com/swimmer/2574598/times/,17686a72128c86ba12bfa8abfab32099fbd5f57ce8a75c52f3d91e28f3028023
2574598,2026-02-04,100 Breast SCY,SCY,30.35,30.35,2025-02-22,CVSL Championships,,X,https://www.swimcloud.com/swimmer/2574598/times/,16df96a13a52748275b9adf2bdae374f0c5de9d44aa776d3b17f99f62fe26899
2574598,2026-02-04,100 Breast SCY,SCY,28.95,28.95,2025-02-09,NYPHSAA Section 3 Boys Class B/C Championship,,R,https://www.swimcloud.com/swimmer/2574598/times/,13ca983d213f0cb273d535af41eaa2ae00d8c8ba943c81645c568028a6c17403
2574598,2026-02-04,100 Breast SCY,SCY,29.42,29.42,2025-01-24,Oneida vs. Coop/NH,,R,https://www.swimcloud.com/swimmer/2574598/times/,5f73cac09730e9ef9af5d00aaeab9129ce811fefb811acca5c1b73e4bf8423ba
2574598,2026-02-04,100 Breast SCY,SCY,29.20,29.2,2025-01-23,Rome Free vs. Cooperstown vs. Thomas Proctor vs. Syracuse City,,R,https://www.swimcloud.com/swimmer/2574598/times/,c31ad82a0a2a469318db82580558b84e3b3e98989aa588c930619af3415eac0f
2574598,2026-02-04,100 Breast SCY,SCY,29.73,29.73,2025-01-16,Cooperstown vs. Rome Free,,R,https://www.swimcloud.com/swimmer/2574598/times/,b94060a182fcdeda0d71e760ba55320bce56fd9053d6cdb4f0b6573a2f3fd024
2574598,2026-02-04,100 Breast SCY,SCY,31.66,31.66,2025-01-04,AD ALBS Starfish Trophy Invitational,,X,https://www.swimcloud.com/swimmer/2574598/times/,c9db1302afff2b76d6f796e2805fc913a6925bf1d29bb8ac8ef7b6048849fade
2574598,2026-02-04,100 Breast SCY,SCY,31.04,31.04,2024-12-19,New Hartford vs. Rome Free,,R,https://www.swimcloud.com/swimmer/2574598/times/,e6b32b3b383e0f8a6cbdc3dee75f7256504cabe093d60bf76b1306edf384bac7
2574598,2026-02-04,100 Breast SCY,SCY,32.40,32.4,2024-12-10,Thomas Proctor vs. Holland Patent vs. Cooperstown,,X,https://www.swimcloud.com/swimmer/2574598/times/,0511efca50858ed0e0448158e59edcd1efea72778cad86992dae74f6e096657c
2574598,2026-02-04,100 Breast SCY,SCY,32.31,32.31,2024-03-09,Adirondack Gold Short Course Championship,,X,https://www.swimcloud.com/swimmer/2574598/times/,bea2b0fef242f7b86b199f8cabb062abc52359ce6954b878474880283ecb2d04
2574598,2026-02-04,100 Breast SCY,SCY,31.26,31.26,2024-02-11,NYSPHSAA Section 3 Boys Class B/C Championship,,R,https://www.swimcloud.com/swimmer/2574598/times/,4e47be654d929b4fd3c645be3c9e8e1acf50b882348f6f71362729c65577dd80
2574598,2026-02-04,100 Breast SCY,SCY,31.42,31.42,2024-01-27,TVL Championship,,R,https://www.swimcloud.com/swimmer/2574598/times/,707904a7f32b16f8ff8ece8aaf0ce989e1c3163ed5fd12c37421a4797b57281e
2574598,2026-02-04,100 Breast SCY,SCY,31.58,31.58,2024-01-27,TVL Championship,,X,https://www.swimcloud.com/swimmer/2574598/times/,5fba5a5ad3e48890864b10e89d71663e0332812807cd909bf3a773e0cf394b48
2574598,2026-02-04,100 Breast SCY,SCY,32.36,32.36,2024-01-06,AD ALBS Starfish Trophy Invitational,,R,https://www.swimcloud.com/swimmer/2574598/times/,09b6182f715f2e00a131c89b40e488074b4749ab18992916a423d5cdc0b261e3
2574598,2026-02-04,100 Breast SCY,SCY,33.69,33.69,2024-01-06,AD ALBS Starfish Trophy Invitational,,X,https://www.swimcloud.com/swimmer/2574598/times/,13ec22ba897acb127a4125503a6b4d3592ab984f16b5f7e1d9d714084d6cd6e0
2574598,2026-02-04,100 Breast SCY,SCY,32.32,32.32,2024-01-04,Cooperstown vs. Sherburne Earlville,,R,https://www.swimcloud.com/swimmer/2574598/times/,70d0ba7c796b342f6e44ff4b45f7537ad4d8133eb55fca6f77be9e038663ac68
2574598,2026-02-04,100 Breast SCY,SCY,33.48,33.48,2023-12-07,Holland Patent Central vs. Cooperstown vs. Sherburne Earlville,,R,https://www.swimcloud.com/swimmer/2574598/times/,78f1265192d1a42ea9303806673574a3c873ad86e0059b621e25d4e44138813a
2574598,2026-02-04,100 Breast SCY,SCY,33.01,33.01,2023-12-05,Thomas Proctor vs. Cooperstown,,R,https://www.swimcloud.com/swimmer/2574598/times/,85f5f3f3c045a0534c21ee0f538d7ba88625fec3b17798ee8388eaf3af05a7b5
2574598,2026-02-04,100 Breast SCY,SCY,33.62,33.62,2023-11-30,Cooperstown vs. Rome Free,,R,https://www.swimcloud.com/swimmer/2574598/times/,a63eafe66677c29c34df7a504565ff2c4ef53855cc113096a112ddafa8aee221
2574598,2026-02-04,100 Breast SCY,SCY,34.56,34.56,2023-11-18,CVSL Tri Meet,,X,https://www.swimcloud.com/swimmer/2574598/times/,58c3fd2ed876b38c533cbd5092eed5cd0be57dac914eb1da619627c22b75366f
2574598,2026-02-04,100 Breast SCY,SCY,34.36,34.36,2023-03-12,Adirondack Gold Championship,,,https://www.swimcloud.com/swimmer/2574598/times/,a79537fcdc2d9ca7087428aa90e311c5bf513cca77846eb22a3f38c61ce2e8f6
2574598,2026-02-04,100 Breast SCY,SCY,37.02,37.02,2023-02-04,2023 AD Delmar Dolfins February Freeze,,,https://www.swimcloud.com/swimmer/2574598/times/,7baed25f997ec37ede1b5fef37ea33110f83b0b72ba491a87b4a25f98f5ccfc7
2574598,2026-02-04,100 Breast SCY,SCY,37.52,37.52,2023-01-14,Canajoharie Developmental Meet,,,https://www.swimcloud.com/swimmer/2574598/times/,254d54ffa39f387848594e3b0eb86c7402ceee58c65ed55fa49f879765f47280
2574598,2026-02-04,100 Breast SCY,SCY,35.98,35.98,2023-01-07,2023 AD Starfish Trophy Invitational,,,https://www.swimcloud.com/swimmer/2574598/times/,f52752150690eb86172205f21676236eea982fe61384b0d0916acd2c22262602
2574598,2026-02-04,100 Breast SCY,SCY,35.88,35.88,2023-01-07,2023 AD Starfish Trophy Invitational,,,https://www.swimcloud.com/swimmer/2574598/times/,46faccce65c4ae783a99bea4bbebda00c89274c8d2f2475853a948895742632d
2574598,2026-02-04,100 Breast SCY,SCY,35.98,35.98,2023-01-07,Starfish Trophy Invitational,,,https://www.swimcloud.com/swimmer/2574598/times/,f2fc9b3c5026c373c3fa4086ffe48cf04926f5af40bf58f8d23476386ff88c7a
2574598,2026-02-04,100 Breast SCY,SCY,35.88,35.88,2023-01-07,Starfish Trophy Invitational,,,https://www.swimcloud.com/swimmer/2574598/times/,b2bd515e0cb61f027fd9424f3577cbbead2fed0d479f946e9e789af259f24f0a
2574598,2026-02-04,100 Breast SCY,SCY,36.79,36.79,2022-11-19,2022 AD November CVSL Tri Meet,,,https://www.swimcloud.com/swimmer/2574598/times/,6b91fe0cd66b5fabe5c756d64d6ce23cae61a13e34e81be626840b51e9ef188a
2574598,2026-02-04,100 Breast SCY,SCY,35.95,35.95,2022-11-05,First Splash,,,https://www.swimcloud.com/swimmer/2574598/times/,230b6092e57f5bad3aca28589e0ff81aa2a9d40e4f761c8175f965f506d395fa
2574598,2026-02-04,100 Breast SCY,SCY,41.30,41.3,2020-02-01,AD Delmar Dolfins February Freeze,,X,https://www.swimcloud.com/swimmer/2574598/times/,403d1394ca5eb7495d71b2436122bd4ab404c27bf3dddc4144f66b77a3c993e4
2574598,2026-02-04,100 Breast SCY,SCY,41.77,41.77,2020-01-11,AD Canajoharie Developmental Meet,,,https://www.swimcloud.com/swimmer/2574598/times/,159630bd718cd124798a74d1499146e5728fea56ee75711fef032655aa836b17
2574598,2026-02-04,100 Breast SCY,SCY,45.66,45.66,2019-11-16,CVSL Quad Meet,,,https://www.swimcloud.com/swimmer/2574598/times/,e327bc7ee875b67239d5b4b106ce9766aa8ed8950307cdfe30bc92f6a17c6e17
2574598,2026-02-04,100 Breast SCY,SCY,45.43,45.43,2019-11-02,First Splash,,,https://www.swimcloud.com/swimmer/2574598/times/,1788bcb508aa566ed451229a541786c8508bd861d9925d895c61f882be9e2d51
2574598,2026-02-04,100 Breast SCY,SCY,46.48,46.48,2019-02-23,Championships,,,https://www.swimcloud.com/swimmer/2574598/times/,8d2cff90e9e9595daa4d00bba245824948ff9d621d44243330941ac0e8f28f25
2574598,2026-02-04,100 Breast SCY,SCY,50.48,50.48,2019-01-12,AD Canajoharie Developmental Meet,,,https://www.swimcloud.com/swimmer/2574598/times/,bd88b399137a57a978de318e7745a52d575af2be206b758d62d1e388ccacf697
2574598,2026-02-04,100 Breast SCY,SCY,54.65,54.65,2018-11-17,CVSL Quad meet,,,https://www.swimcloud.com/swimmer/2574598/times/,3be4748ea2d0846f8853252504045afc5e31a990f7139802dfc9358bc361a03b
2574598,2026-02-04,100 IM SCY,SCY,27.64,27.64,2026-01-31,TVL Boys Championships,,R,https://www.swimcloud.com/swimmer/2574598/times/,94396c5104ea9352bb27a975eea7a6fa60529f6d47c1df6b9484055a3578d052
2574598,2026-02-04,100 IM SCY,SCY,28.27,28.27,2026-01-31,TVL Boys Championships,,X,https://www.swimcloud.com/swimmer/2574598/times/,01a8f6996e78827f7c54250c3c31325ef0dcaa776ba35dca67deef1475d08281
2574598,2026-02-04,100 IM SCY,SCY,28.65,28.65,2026-01-22,Holland Patent vs. Cooperstown,,R,https://www.swimcloud.com/swimmer/2574598/times/,f7032a6cbc6467557eaef0275695afeb4911de1f486246edac2e2172f85e7898
2574598,2026-02-04,100 IM SCY,SCY,29.24,29.24,2026-01-20,Rome Free Academy v Cooperstown,,R,https://www.swimcloud.com/swimmer/2574598/times/,c63b4b465aa10f5b15f4ce361aa591ef4e233a794fac2baa855273169fd991fb
2574598,2026-02-04,100 IM SCY,SCY,28.74,28.74,2025-12-18,New Hartford vs. Cooperstown,,R,https://www.swimcloud.com/swimmer/2574598/times/,dfe3c93cd28bd78675f09ebfd8b9f013f5bce26a0d36f0ac4f210e25b3ef839f
2574598,2026-02-04,100 IM SCY,SCY,28.72,28.72,2025-12-16,Oneonta vs. Cooperstown,,R,https://www.swimcloud.com/swimmer/2574598/times/,2f6436957a5bfccbd5f77283d0fd997688417a4753e5e282da01500003c19120
2574598,2026-02-04,100 IM SCY,SCY,29.39,29.39,2025-12-16,Oneonta vs. Cooperstown,,X,https://www.swimcloud.com/swimmer/2574598/times/,7def6d1ea1f88054bdcaf46b289f24e74864214e99ea24ef73920f3f3d530a59
2574598,2026-02-04,100 IM SCY,SCY,30.91,30.91,2025-12-09,Canjo-Ft Plain vs. Cooperstown,,X,https://www.swimcloud.com/swimmer/2574598/times/,897223fa507badef320dca0cdfad27660db1afc05bdebc2b1836017fa47ac4a2
2574598,2026-02-04,100 IM SCY,SCY,29.24,29.24,2025-03-15,Adirondack Gold Short Course Championship,,X,https://www.swimcloud.com/swimmer/2574598/times/,8a4e3a044c804e9f68a4a4fef599ef17c0ab5b2b9eff58688a695d097cbdb4fc
2574598,2026-02-04,100 IM SCY,SCY,28.99,28.99,2025-03-15,Adirondack Gold Short Course Championship,,X,https://www.swimcloud.com/swimmer/2574598/times/,1258c6c0118869fe1629e9ce5f172398d2904632245bdebf37d3b4659b446f2e
2574598,2026-02-04,100 IM SCY,SCY,30.35,30.35,2025-02-22,CVSL Championships,,X,https://www.swimcloud.com/swimmer/2574598/times/,a2f2946641cc181e3456bf278c2c087bda5866b3bcae06a2b95fdfc3ce0ef316
2574598,2026-02-04,100 IM SCY,SCY,28.95,28.95,2025-02-09,NYPHSAA Section 3 Boys Class B/C Championship,,R,https://www.swimcloud.com/swimmer/2574598/times/,d454b6ac08236ff065b816a6b28f686775c2c4540125099d869de2c227c79cef
2574598,2026-02-04,100 IM SCY,SCY,29.42,29.42,2025-01-24,Oneida vs. Coop/NH,,R,https://www.swimcloud.com/swimmer/2574598/times/,23069b22940322d398245f483f116587f7cf1181613b7e2078331fd678b90e31
2574598,2026-02-04,100 IM SCY,SCY,29.20,29.2,2025-01-23,Rome Free vs. Cooperstown vs. Thomas Proctor vs. Syracuse City,,R,https://www.swimcloud.com/swimmer/2574598/times/,b685b8b24bb6384a2971b823fb931eec83e8e26f0dee24f051ebe344ca71b302
2574598,2026-02-04,100 IM SCY,SCY,29.73,29.73,2025-01-16,Cooperstown vs. Rome Free,,R,https://www.swimcloud.com/swimmer/2574598/times/,81783e5f9e03d7fc2fbd964f5bbfc556e66fd697f30edbf6cb5ca1ebdd3f5bc4
2574598,2026-02-04,100 IM SCY,SCY,31.66,31.66,2025-01-04,AD ALBS Starfish Trophy Invitational,,X,https://www.swimcloud.com/swimmer/2574598/times/,63d3d5309252122742ccbde245ace4f03ce3498cda64e314e74aa3722b7a9004
2574598,2026-02-04,100 IM SCY,SCY,31.04,31.04,2024-12-19,New Hartford vs. Rome Free,,R,https://www.swimcloud.com/swimmer/2574598/times/,5e05f3ab0ac466b531a85ecc17fb18c5a56612311c4cb9bd4771424a1360a934
2574598,2026-02-04,100 IM SCY,SCY,32.40,32.4,2024-12-10,Thomas Proctor vs. Holland Patent vs. Cooperstown,,X,https://www.swimcloud.com/swimmer/2574598/times/,5af7230e544ce4f71436a5e169f739d114ec6d50c0fc4e91d0d9bd46c6f521c4
2574598,2026-02-04,100 IM SCY,SCY,32.31,32.31,2024-03-09,Adirondack Gold Short Course Championship,,X,https://www.swimcloud.com/swimmer/2574598/times/,523c85730cd9bc0de0a0ce481343ba9f45ab672c3d01d1647d0d2af2e4c367d6
2574598,2026-02-04,100 IM SCY,SCY,31.26,31.26,2024-02-11,NYSPHSAA Section 3 Boys Class B/C Championship,,R,https://www.swimcloud.com/swimmer/2574598/times/,17278ac5415250f1c837cad33c5cd8a29346084adf4580df7c6f39eca611dd39
2574598,2026-02-04,100 IM SCY,SCY,31.42,31.42,2024-01-27,TVL Championship,,R,https://www.swimcloud.com/swimmer/2574598/times/,53a280b330659cd612db6aac0c33a1f31bef14775361ffcb8062e2327881f4c6
2574598,2026-02-04,100 IM SCY,SCY,31.58,31.58,2024-01-27,TVL Championship,,X,https://www.swimcloud.com/swimmer/2574598/times/,4343fa095fb1e89560b790ca20fc2e3fe56b6405aea69c2c36b6c828106723fb
2574598,2026-02-04,100 IM SCY,SCY,32.36,32.36,2024-01-06,AD ALBS Starfish Trophy Invitational,,R,https://www.swimcloud.com/swimmer/2574598/times/,49a2e51119dc7633963d9346f2bf5c9789d0b3b7f160de779e63539509bfce14
2574598,2026-02-04,100 IM SCY,SCY,33.69,33.69,2024-01-06,AD ALBS Starfish Trophy Invitational,,X,https://www.swimcloud.com/swimmer/2574598/times/,1d76c807d7412917aee355460ddafdd1091496d9d7e0511030b9d33c890a657a
2574598,2026-02-04,100 IM SCY,SCY,32.32,32.32,2024-01-04,Cooperstown vs. Sherburne Earlville,,R,https://www.swimcloud.com/swimmer/2574598/times/,c0ed430c26d5498775965e594a904a7326387b712e74b9b43a176d5fe586b9dc
2574598,2026-02-04,100 IM SCY,SCY,33.48,33.48,2023-12-07,Holland Patent Central vs. Cooperstown vs. Sherburne Earlville,,R,https://www.swimcloud.com/swimmer/2574598/times/,f19efe9f663f59f5503212c37d1918da581fe47b5094fdb01ec9062120585902
2574598,2026-02-04,100 IM SCY,SCY,33.01,33.01,2023-12-05,Thomas Proctor vs. Cooperstown,,R,https://www.swimcloud.com/swimmer/2574598/times/,173c7ba4257e491ba72513be00ec79ac17344d9565186384469a16762007980a
2574598,2026-02-04,100 IM SCY,SCY,33.62,33.62,2023-11-30,Cooperstown vs. Rome Free,,R,https://www.swimcloud.com/swimmer/2574598/times/,479be61a0c86654fe0a001c496e370e5262b6ba511a4c28940463b5ab0ce0559
2574598,2026-02-04,100 IM SCY,SCY,34.56,34.56,2023-11-18,CVSL Tri Meet,,X,https://www.swimcloud.com/swimmer/2574598/times/,8f672422f86d642ed2f613bc20a9898224c520ae574ab7b205fe1223381e55cf
2574598,2026-02-04,100 IM SCY,SCY,34.36,34.36,2023-03-12,Adirondack Gold Championship,,,https://www.swimcloud.com/swimmer/2574598/times/,2e75ee3125feb776f020fdbcde0bde40a064a32f10e6ac31cb6524d2023c4a18
2574598,2026-02-04,100 IM SCY,SCY,37.02,37.02,2023-02-04,2023 AD Delmar Dolfins February Freeze,,,https://www.swimcloud.com/swimmer/2574598/times/,415240527c6710154d028273fb21486fb3a4c8d0bd848b196011e2beb5158cba
2574598,2026-02-04,100 IM SCY,SCY,37.52,37.52,2023-01-14,Canajoharie Developmental Meet,,,https://www.swimcloud.com/swimmer/2574598/times/,692d405e0cedfb55520e7d227ced5424595138aa8a4a08f20d9a2fe19076a525
2574598,2026-02-04,100 IM SCY,SCY,35.98,35.98,2023-01-07,2023 AD Starfish Trophy Invitational,,,https://www.swimcloud.com/swimmer/2574598/times/,050148f6aa8c9dd9315dab708fc4d168bcfad0d2d4dabce5369bddad9a521869
2574598,2026-02-04,100 IM SCY,SCY,35.88,35.88,2023-01-07,2023 AD Starfish Trophy Invitational,,,https://www.swimcloud.com/swimmer/2574598/times/,9ba82727c7a5904e6e52117f155bed995592a94cd92d099dd567ef158339e394
2574598,2026-02-04,100 IM SCY,SCY,35.98,35.98,2023-01-07,Starfish Trophy Invitational,,,https://www.swimcloud.com/swimmer/2574598/times/,d51561b65967dc9f1e79a5a82b3d1897a9808671ac0eaf84561925a63731b99a
2574598,2026-02-04,100 IM SCY,SCY,35.88,35.88,2023-01-07,Starfish Trophy Invitational,,,https://www.swimcloud.com/swimmer/2574598/times/,904c6bcbc05da11f733dae97ef78efe1f6a575b3dec03c8f17a004a32c641422
2574598,2026-02-04,100 IM SCY,SCY,36.79,36.79,2022-11-19,2022 AD November CVSL Tri Meet,,,https://www.swimcloud.com/swimmer/2574598/times/,86cadcbaa59683c4649936bb617426b4fd673914a93b109c1f80e692bf6effa4
2574598,2026-02-04,100 IM SCY,SCY,35.95,35.95,2022-11-05,First Splash,,,https://www.swimcloud.com/swimmer/2574598/times/,884e2361ec81c609ecd937746c0c060c7c61778fe46cee553e7831d113d3bce2
2574598,2026-02-04,100 IM SCY,SCY,41.30,41.3,2020-02-01,AD Delmar Dolfins February Freeze,,X,https://www.swimcloud.com/swimmer/2574598/times/,f9d40db933e1f0835262ed3f9ffeba266d041b36ab306bf99ea07e310358964c
2574598,2026-02-04,100 IM SCY,SCY,41.77,41.77,2020-01-11,AD Canajoharie Developmental Meet,,,https://www.swimcloud.com/swimmer/2574598/times/,39128e9dcd3dc50346d5d48a2318a214f3d36aecff1edb42c687ecbfff755508
2574598,2026-02-04,100 IM SCY,SCY,45.66,45.66,2019-11-16,CVSL Quad Meet,,,https://www.swimcloud.com/swimmer/2574598/times/,bcd5a0a0a328b688998554501d2e2b1021b0048e78b4f414bb78a64c04a71ee6
2574598,2026-02-04,100 IM SCY,SCY,45.43,45.43,2019-11-02,First Splash,,,https://www.swimcloud.com/swimmer/2574598/times/,8860ef0f9458c716bff74cabd4e19a7673272922a8a15c753202fb93a96af20c
2574598,2026-02-04,100 IM SCY,SCY,46.48,46.48,2019-02-23,Championships,,,https://www.swimcloud.com/swimmer/2574598/times/,be962268c77cab74bbac91431b66ed4567acf43a24ccd796352a27e94f1cb318
2574598,2026-02-04,100 IM SCY,SCY,50.48,50.48,2019-01-12,AD Canajoharie Developmental Meet,,,https://www.swimcloud.com/swimmer/2574598/times/,d6bcd91c03193b6163257d7a33b957e669c3dfb0a032aafc7336d1ddeb3a7a07
2574598,2026-02-04,100 IM SCY,SCY,54.65,54.65,2018-11-17,CVSL Quad meet,,,https://www.swimcloud.com/swimmer/2574598/times/,ae3710d85019e5e73d6d566fbb5f4184d501f8a498e1dd5ca90f84a895601ec2
